ticker,name,sector,gate_pass,gate_fail_reason,score_q,score_v,score_sr,score_r,score_m,composite_raw,composite_score,incumbent_bonus,grade,role_suggested,tier,satellite_track,is_held,data_gate,sleeve_weight_suggested,portfolio_weight_suggested,as_of
005830,DB손해보험,insurance,True,,56.79,72.52,60.0,28.12,63.84,59.44,62.44,3.0,B,dividend_value,Core,False,True,GREEN,4.0,,2026-07-28
021240,코웨이,consumer,True,,86.54,52.64,30.25,35.19,64.62,57.16,60.16,3.0,B,quality_defensive,Core,False,True,GREEN,4.0,,2026-07-28
005440,현대지에프홀딩스,holding,True,,57.27,73.21,52.5,22.12,52.03,57.34,60.34,3.0,B,value_rerating,Core,False,True,GREEN,4.0,,2026-07-28
192400,쿠쿠홀딩스,holding,False,low_liquidity,60.69,66.43,33.75,41.47,40.33,53.76,56.76,3.0,Reject,defensive_consumer,—,False,True,RED,4.0,,2026-07-28
006040,동원산업,consumer,True,,60.39,76.85,66.25,25.77,25.59,63.33,66.33,3.0,B,dividend_value,Core,False,True,GREEN,4.0,,2026-07-28
036530,SNT홀딩스,holding,False,low_liquidity,53.85,81.59,72.5,11.29,25.41,62.58,65.58,3.0,Reject,shareholder_return,—,False,True,RED,4.0,,2026-07-28
002380,KCC,materials,True,,32.49,53.75,26.0,13.82,28.72,35.38,38.38,3.0,Reject,value_quality,—,False,True,GREEN,4.0,,2026-07-28
271560,오리온,consumer,True,,75.47,52.08,48.5,52.95,74.38,64.22,67.22,3.0,B,quality_defensive,Satellite,True,True,GREEN,3.54,,2026-07-28
030190,NICE평가정보,data_service,True,,84.28,41.63,22.5,30.7,42.61,50.68,53.68,3.0,C,defensive_consumer,—,False,True,GREEN,4.0,,2026-07-28
453340,현대그린푸드,consumer,False,low_liquidity,42.36,67.49,31.5,45.63,88.27,57.56,60.56,3.0,Reject,value_quality,—,True,True,RED,4.0,,2026-07-28
000660,SK하이닉스,semiconductor,True,,92.42,49.05,25.0,25.61,57.44,55.87,55.87,0.0,B,defensive_consumer,Core,False,False,GREEN,4.0,,2026-07-28
005930,삼성전자,반도체/IT하드웨어,True,,50.83,29.99,50.0,27.0,54.29,41.99,41.99,0.0,Reject,value_quality,—,False,False,YELLOW,4.0,,2026-07-28
402340,SK스퀘어,기타금융,True,,50.83,29.29,50.0,23.98,57.74,41.48,41.48,0.0,Reject,value_quality,—,False,False,YELLOW,4.0,,2026-07-28
005935,삼성전자우,전기·전자,True,,50.83,50.0,50.0,28.74,55.54,48.16,48.16,0.0,C,value_quality,—,False,False,YELLOW,4.0,,2026-07-28
009150,삼성전기,전기·전자,True,,50.83,12.36,50.0,24.69,59.85,36.47,36.47,0.0,Reject,value_quality,—,False,False,YELLOW,4.0,,2026-07-28
005380,현대차,운송장비·부품,True,,50.83,62.79,50.0,19.63,20.0,51.09,51.09,0.0,C,value_defensive,—,False,False,YELLOW,4.0,,2026-07-28
032830,삼성생명,보험,True,,50.83,47.84,50.0,23.38,54.59,46.98,46.98,0.0,C,value_quality,—,False,False,YELLOW,4.0,,2026-07-28
373220,LG에너지솔루션,전기·전자,True,,50.83,41.99,50.0,11.7,20.9,44.06,44.06,0.0,Reject,value_quality,—,False,False,YELLOW,4.0,,2026-07-28
028260,삼성물산,유통,True,,50.83,45.8,50.0,22.41,41.05,46.27,46.27,0.0,C,value_quality,—,False,False,YELLOW,4.0,,2026-07-28
329180,HD현대중공업,운송장비·부품,True,,50.83,29.37,50.0,16.1,15.79,40.71,40.71,0.0,Reject,value_quality,—,False,False,YELLOW,4.0,,2026-07-28
034020,두산에너빌리티,기계·장비,True,,50.83,16.61,50.0,14.1,14.89,36.68,36.68,0.0,Reject,value_quality,—,False,False,YELLOW,4.0,,2026-07-28
207940,삼성바이오로직스,제약,True,,50.83,24.13,50.0,33.59,36.5,40.89,40.89,0.0,Reject,value_quality,—,False,False,YELLOW,4.0,,2026-07-28
034730,SK,기타금융,True,,50.83,48.26,50.0,27.06,56.54,47.47,47.47,0.0,C,value_quality,—,False,False,YELLOW,4.0,,2026-07-28
105560,KB금융,은행/금융지주,True,,50.83,68.23,50.0,42.08,86.73,62.29,62.29,0.0,B,value_defensive,Satellite,True,False,YELLOW,3.32,,2026-07-28
012450,한화에어로스페이스,운송장비·부품,True,,50.83,30.24,50.0,13.07,12.63,40.67,40.67,0.0,Reject,value_quality,—,False,False,YELLOW,4.0,,2026-07-28
000270,기아,자동차,True,,50.83,75.1,50.0,17.6,17.74,54.58,54.58,0.0,C,value_defensive,—,False,False,YELLOW,4.0,,2026-07-28
012330,현대모비스,운송장비·부품,True,,50.83,66.99,50.0,19.54,33.98,52.34,52.34,0.0,C,value_defensive,—,False,False,YELLOW,4.0,,2026-07-28
055550,신한지주,은행/금융지주,True,,50.83,70.15,50.0,31.88,89.92,62.45,62.45,0.0,B,value_defensive,Satellite,True,False,YELLOW,3.33,,2026-07-28
006400,삼성SDI,전기·전자,True,,50.83,51.0,50.0,22.65,47.97,47.86,47.86,0.0,C,value_quality,—,False,False,YELLOW,4.0,,2026-07-28
010120,LS ELECTRIC,전기·전자,True,,50.83,13.18,50.0,24.61,55.49,36.71,36.71,0.0,Reject,value_quality,—,False,False,YELLOW,4.0,,2026-07-28
267260,HD현대일렉트릭,전기·전자,True,,50.83,20.06,50.0,18.89,21.2,38.2,38.2,0.0,Reject,value_quality,—,False,False,YELLOW,4.0,,2026-07-28
068270,셀트리온,제약,True,,50.83,40.88,50.0,25.87,43.89,45.14,45.14,0.0,C,value_quality,—,False,False,YELLOW,4.0,,2026-07-28
298040,효성중공업,전기·전자,True,,50.83,18.04,50.0,21.55,38.35,37.86,37.86,0.0,Reject,value_quality,—,False,False,YELLOW,4.0,,2026-07-28
066570,LG전자,전기·전자,True,,50.83,44.11,50.0,18.43,53.68,45.37,45.37,0.0,C,value_quality,—,False,False,YELLOW,4.0,,2026-07-28
042660,한화오션,운송장비·부품,True,,50.83,36.29,50.0,12.91,4.81,42.47,42.47,0.0,Reject,value_quality,—,False,False,YELLOW,4.0,,2026-07-28
086790,하나금융지주,은행/금융지주,True,,50.83,75.06,50.0,45.2,88.13,64.31,64.31,0.0,B,value_defensive,Satellite,True,False,YELLOW,3.41,,2026-07-28
035420,NAVER,IT 서비스,True,,50.83,61.1,50.0,21.07,41.26,50.73,50.73,0.0,C,value_defensive,—,False,False,YELLOW,4.0,,2026-07-28
000810,삼성화재,보험,True,,50.83,58.97,50.0,30.21,74.82,56.27,56.27,0.0,B,value_quality,Satellite,True,False,YELLOW,3.06,,2026-07-28
009540,HD한국조선해양,기타금융,True,,50.83,57.39,50.0,17.77,34.35,49.28,49.28,0.0,C,value_quality,—,False,False,YELLOW,4.0,,2026-07-28
000150,두산,전기·전자,True,,50.83,11.06,50.0,21.19,51.28,35.73,35.73,0.0,Reject,value_quality,—,False,False,YELLOW,4.0,,2026-07-28
042700,한미반도체,기계·장비,True,,50.83,12.42,50.0,19.81,42.56,36.0,36.0,0.0,Reject,value_quality,—,False,False,YELLOW,4.0,,2026-07-28
005490,POSCO홀딩스,금속,True,,50.83,59.35,50.0,14.47,25.26,49.54,49.54,0.0,C,value_quality,—,False,False,YELLOW,4.0,,2026-07-28
006800,미래에셋증권,증권,True,,50.83,52.32,50.0,17.51,43.76,47.74,47.74,0.0,C,value_quality,—,False,False,YELLOW,4.0,,2026-07-28
011070,LG이노텍,전기·전자,True,,50.83,28.07,50.0,18.23,56.39,40.53,40.53,0.0,Reject,value_quality,—,False,False,YELLOW,4.0,,2026-07-28
015760,한국전력,전력/유틸리티,True,,50.83,84.93,50.0,11.16,3.01,56.89,56.89,0.0,B,value_defensive,Core,False,False,YELLOW,4.0,,2026-07-28
010130,고려아연,금속,True,,50.83,44.93,50.0,14.8,6.77,45.25,45.25,0.0,C,value_quality,—,False,False,YELLOW,4.0,,2026-07-28
010140,삼성중공업,운송장비·부품,True,,50.83,31.25,50.0,16.64,13.98,41.33,41.33,0.0,Reject,value_quality,—,False,False,YELLOW,4.0,,2026-07-28
316140,우리금융지주,기타금융,True,,50.83,81.24,50.0,41.8,63.81,58.84,58.84,0.0,B,value_defensive,Core,False,False,YELLOW,4.0,,2026-07-28
051910,LG화학,화학,True,,50.83,62.02,50.0,10.0,15.94,49.9,49.9,0.0,C,value_defensive,—,False,False,YELLOW,4.0,,2026-07-28
064350,현대로템,운송장비·부품,True,,50.83,32.88,50.0,10.0,4.96,41.15,41.15,0.0,Reject,value_quality,—,False,False,YELLOW,4.0,,2026-07-28
017670,SK텔레콤,통신,True,,50.83,39.52,50.0,24.65,52.54,44.61,44.61,0.0,Reject,value_quality,—,False,False,YELLOW,4.0,,2026-07-28
196170,알테오젠,일반서비스,True,,50.83,11.48,50.0,14.23,9.32,35.16,35.16,0.0,Reject,value_quality,—,False,False,YELLOW,4.0,,2026-07-28
079550,LIG디펜스앤에어로스페이스,금속,True,,50.83,18.22,50.0,24.35,47.67,38.19,38.19,0.0,Reject,value_quality,—,False,False,YELLOW,4.0,,2026-07-28
138040,메리츠금융지주,기타금융,True,,50.83,65.35,50.0,36.05,65.77,53.5,53.5,0.0,C,value_defensive,—,False,False,YELLOW,4.0,,2026-07-28
033780,KT&G,음식료·담배,True,,50.83,51.47,50.0,42.25,89.32,59.6,59.6,0.0,B,momentum_satellite,Satellite,True,False,YELLOW,3.2,,2026-07-28
011200,HMM,운송·창고,True,,50.83,74.53,50.0,27.07,50.0,55.36,55.36,0.0,B,value_defensive,Core,False,False,YELLOW,4.0,,2026-07-28
267250,HD현대,기타금융,True,,50.83,55.57,50.0,22.34,18.95,49.2,49.2,0.0,C,value_quality,—,False,False,YELLOW,4.0,,2026-07-28
096770,SK이노베이션,화학,True,,50.83,60.68,50.0,23.63,54.51,50.86,50.86,0.0,C,value_defensive,—,False,False,YELLOW,4.0,,2026-07-28
024110,기업은행,은행,True,,50.83,86.47,50.0,40.11,39.37,60.24,60.24,0.0,B,value_defensive,Core,False,False,YELLOW,4.0,,2026-07-28
003670,포스코퓨처엠,전기·전자,True,,50.83,21.9,50.0,11.42,11.88,38.0,38.0,0.0,Reject,value_quality,—,False,False,YELLOW,4.0,,2026-07-28
272210,한화시스템,전기·전자,True,,50.83,31.22,50.0,13.85,11.58,41.04,41.04,0.0,Reject,value_quality,—,False,False,YELLOW,4.0,,2026-07-28
003550,LG,기타금융,True,,50.83,65.0,50.0,17.4,40.9,51.53,51.53,0.0,C,value_defensive,—,False,False,YELLOW,4.0,,2026-07-28
307950,현대오토에버,IT 서비스,True,,50.83,19.63,50.0,18.24,19.1,38.0,38.0,0.0,Reject,value_quality,—,False,False,YELLOW,4.0,,2026-07-28
035720,카카오,IT 서비스,True,,50.83,48.33,50.0,12.69,7.82,46.06,46.06,0.0,C,value_quality,—,False,False,YELLOW,4.0,,2026-07-28
247540,에코프로비엠,전기·전자,True,,50.83,14.82,50.0,10.42,10.23,35.78,35.78,0.0,Reject,value_quality,—,False,False,YELLOW,4.0,,2026-07-28
018260,삼성에스디에스,IT 서비스,True,,50.83,52.28,50.0,18.2,44.21,47.79,47.79,0.0,C,value_quality,—,False,False,YELLOW,4.0,,2026-07-28
086520,에코프로,금융,True,,50.83,37.32,50.0,16.57,18.8,43.14,43.14,0.0,Reject,value_quality,—,False,False,YELLOW,4.0,,2026-07-28
086280,현대글로비스,운송·창고,True,,50.83,67.46,50.0,21.13,16.99,52.64,52.64,0.0,C,value_defensive,—,False,False,YELLOW,4.0,,2026-07-28
047810,한국항공우주,운송장비·부품,True,,50.83,21.73,50.0,25.78,32.94,39.39,39.39,0.0,Reject,value_quality,—,False,False,YELLOW,4.0,,2026-07-28
278470,에이피알,화학,True,,50.83,19.31,50.0,27.5,57.23,38.83,38.83,0.0,Reject,value_quality,—,False,False,YELLOW,4.0,,2026-07-28
000720,현대건설,건설,True,,50.83,43.26,50.0,19.54,29.17,45.22,45.22,0.0,C,value_quality,—,False,False,YELLOW,4.0,,2026-07-28
030200,KT,통신/인프라,True,,50.83,76.01,50.0,38.88,46.07,56.98,56.98,0.0,B,value_defensive,Core,False,False,YELLOW,4.0,,2026-07-28
071050,한국금융지주,증권/금융지주,True,,50.83,75.54,50.0,23.58,42.86,55.31,55.31,0.0,B,value_defensive,Core,False,False,YELLOW,4.0,,2026-07-28
006260,LS,기타금융,True,,50.83,40.74,50.0,19.45,48.87,44.46,44.46,0.0,Reject,value_quality,—,False,False,YELLOW,4.0,,2026-07-28
010950,S-Oil,화학,True,,50.83,39.58,50.0,34.73,83.73,55.07,55.07,0.0,B,momentum_satellite,Satellite,True,False,YELLOW,3.0,,2026-07-28
005940,NH투자증권,증권/금융지주,True,,50.83,66.32,50.0,24.01,51.43,52.59,52.59,0.0,C,value_defensive,—,False,False,YELLOW,4.0,,2026-07-28
259960,크래프톤,IT 서비스,True,,50.83,60.3,50.0,21.37,39.25,50.52,50.52,0.0,C,value_defensive,—,False,False,YELLOW,4.0,,2026-07-28
016360,삼성증권,증권/금융지주,True,,50.83,66.5,50.0,20.79,45.11,52.32,52.32,0.0,C,value_defensive,—,False,False,YELLOW,4.0,,2026-07-28
277810,레인보우로보틱스,기계·장비,True,,50.83,7.83,50.0,17.69,19.85,34.41,34.41,0.0,Reject,value_quality,—,False,False,YELLOW,4.0,,2026-07-28
0126Z0,삼성에피스홀딩스,금융업,True,,50.83,50.22,50.0,13.46,7.07,46.7,46.7,0.0,C,value_quality,—,False,False,YELLOW,4.0,,2026-07-28
323410,카카오뱅크,은행,True,,50.83,52.45,50.0,23.8,42.92,48.41,48.41,0.0,C,value_quality,—,False,False,YELLOW,4.0,,2026-07-28
003490,대한항공,항공/운송,True,,50.83,66.33,50.0,26.7,66.62,52.86,52.86,0.0,C,value_defensive,—,False,False,YELLOW,4.0,,2026-07-28
443060,HD현대마린솔루션,일반서비스,True,,50.83,26.65,50.0,18.8,37.59,40.17,40.17,0.0,Reject,value_quality,—,False,False,YELLOW,4.0,,2026-07-28
039490,키움증권,증권/금융지주,True,,50.83,70.24,50.0,18.28,27.22,53.19,53.19,0.0,C,value_defensive,—,False,False,YELLOW,4.0,,2026-07-28
028050,삼성E&A,일반서비스,True,,50.83,56.56,50.0,26.08,56.64,49.87,49.87,0.0,C,value_quality,—,False,False,YELLOW,4.0,,2026-07-28
047050,포스코인터내셔널,유통,True,,50.83,59.16,50.0,14.0,21.65,49.44,49.44,0.0,C,value_quality,—,False,False,YELLOW,4.0,,2026-07-28
352820,하이브,오락·문화,True,,50.83,46.22,50.0,16.25,7.37,45.78,45.78,0.0,C,value_quality,—,False,False,YELLOW,4.0,,2026-07-28
007660,이수페타시스,전기·전자,True,,50.83,22.38,50.0,16.08,13.08,38.61,38.61,0.0,Reject,value_quality,—,False,False,YELLOW,4.0,,2026-07-28
036930,주성엔지니어링,기계·장비,True,,50.83,12.53,50.0,24.52,60.0,36.5,36.5,0.0,Reject,value_quality,—,False,False,YELLOW,4.0,,2026-07-28
950160,코오롱티슈진,제약,True,,50.83,50.0,50.0,10.1,0.15,46.3,46.3,0.0,C,value_quality,—,False,False,YELLOW,4.0,,2026-07-28
047040,대우건설,건설,True,,50.83,46.66,50.0,19.38,58.95,46.23,46.23,0.0,C,value_quality,—,False,False,YELLOW,4.0,,2026-07-28
003230,삼양식품,음식료·담배,True,,50.83,37.55,50.0,18.98,41.22,43.45,43.45,0.0,Reject,value_quality,—,False,False,YELLOW,4.0,,2026-07-28
064400,LG씨엔에스,IT 서비스,True,,50.83,48.21,50.0,13.06,30.98,46.06,46.06,0.0,C,value_quality,—,False,False,YELLOW,4.0,,2026-07-28
000880,한화,화학,True,,50.83,55.89,50.0,15.37,15.04,48.59,48.59,0.0,C,value_quality,—,False,False,YELLOW,4.0,,2026-07-28
240810,원익IPS,기계·장비,True,,50.83,20.52,50.0,22.69,48.57,38.72,38.72,0.0,Reject,value_quality,—,False,False,YELLOW,4.0,,2026-07-28
005387,현대차2우B,운송장비·부품,True,,50.83,50.0,50.0,15.02,9.62,46.79,46.79,0.0,C,value_quality,—,False,False,YELLOW,4.0,,2026-07-28
161390,한국타이어앤테크놀로지,타이어/화학,True,,50.83,79.49,50.0,33.86,71.97,57.52,57.52,0.0,B,value_defensive,Core,False,False,YELLOW,4.0,,2026-07-28
180640,한진칼,기타금융,True,,50.83,36.09,50.0,15.54,24.51,42.67,42.67,0.0,Reject,value_quality,—,False,False,YELLOW,4.0,,2026-07-28
001440,대한전선,전기·전자,True,,50.83,27.49,50.0,15.93,32.18,40.13,40.13,0.0,Reject,value_quality,—,False,False,YELLOW,4.0,,2026-07-28
353200,대덕전자,전기·전자,True,,50.83,16.97,50.0,23.63,56.69,37.74,37.74,0.0,Reject,value_quality,—,False,False,YELLOW,4.0,,2026-07-28
000990,DB하이텍,전기·전자,True,,50.83,44.15,50.0,17.76,40.3,45.31,45.31,0.0,C,value_quality,—,False,False,YELLOW,4.0,,2026-07-28
062040,산일전기,전기·전자,True,,50.83,23.03,50.0,17.51,39.85,38.95,38.95,0.0,Reject,value_quality,—,False,False,YELLOW,4.0,,2026-07-28
058470,리노공업,전기·전자,True,,50.83,24.38,50.0,17.41,36.39,39.35,39.35,0.0,Reject,value_quality,—,False,False,YELLOW,4.0,,2026-07-28
028300,HLB,제약,True,,50.83,31.64,50.0,13.24,5.71,41.11,41.11,0.0,Reject,value_quality,—,False,False,YELLOW,4.0,,2026-07-28
004170,신세계,유통,True,,50.83,34.04,50.0,26.26,55.79,43.13,43.13,0.0,Reject,value_quality,—,False,False,YELLOW,4.0,,2026-07-28
326030,SK바이오팜,일반서비스,True,,50.83,33.32,50.0,12.63,12.18,41.55,41.55,0.0,Reject,value_quality,—,False,False,YELLOW,4.0,,2026-07-28
034220,LG디스플레이,전기·전자,True,,50.83,56.36,50.0,10.53,16.24,48.25,48.25,0.0,C,value_quality,—,False,False,YELLOW,4.0,,2026-07-28
009830,한화솔루션,화학,True,,50.83,62.35,50.0,10.0,31.13,50.0,50.0,0.0,C,value_defensive,—,False,False,YELLOW,4.0,,2026-07-28
032640,LG유플러스,통신,True,,50.83,72.53,50.0,32.31,52.72,55.28,55.28,0.0,B,value_defensive,Core,False,False,YELLOW,4.0,,2026-07-28
078930,GS,지주/에너지,True,,50.83,81.64,50.0,36.69,91.21,65.55,65.55,0.0,B,value_defensive,Satellite,True,False,YELLOW,3.47,,2026-07-28
454910,두산로보틱스,기계·장비,True,,50.83,30.98,50.0,11.0,3.16,40.68,40.68,0.0,Reject,value_quality,—,False,False,YELLOW,4.0,,2026-07-28
241560,두산밥캣,기계/산업재,True,,50.83,63.48,50.0,22.54,56.42,51.59,51.59,0.0,C,value_defensive,—,False,False,YELLOW,4.0,,2026-07-28
267270,HD건설기계,기계·장비,True,,50.83,56.65,50.0,23.47,43.61,49.63,49.63,0.0,C,value_quality,—,False,False,YELLOW,4.0,,2026-07-28
039030,이오테크닉스,기계·장비,True,,50.83,18.28,50.0,16.4,34.74,37.41,37.41,0.0,Reject,value_quality,—,False,False,YELLOW,4.0,,2026-07-28
090430,아모레퍼시픽,화학,True,,50.83,49.63,50.0,21.32,43.27,47.31,47.31,0.0,C,value_quality,—,False,False,YELLOW,4.0,,2026-07-28
000500,가온전선,전기·전자,True,,50.83,16.81,50.0,23.94,59.1,37.73,37.73,0.0,Reject,value_quality,—,False,False,YELLOW,4.0,,2026-07-28
000100,유한양행,제약,True,,50.83,44.0,50.0,13.98,11.13,44.89,44.89,0.0,Reject,value_quality,—,False,False,YELLOW,4.0,,2026-07-28
011790,SKC,화학,True,,50.83,41.21,50.0,10.0,14.74,43.65,43.65,0.0,Reject,value_quality,—,False,False,YELLOW,4.0,,2026-07-28
377300,카카오페이,기타금융,True,,50.83,27.72,50.0,15.22,21.5,40.13,40.13,0.0,Reject,value_quality,—,False,False,YELLOW,4.0,,2026-07-28
029780,삼성카드,기타금융,True,,50.83,81.06,50.0,38.75,33.92,58.48,58.48,0.0,B,value_defensive,Core,False,False,YELLOW,4.0,,2026-07-28
298380,에이비엘바이오,제약,True,,50.83,29.53,50.0,10.09,0.6,40.16,40.16,0.0,Reject,value_quality,—,False,False,YELLOW,4.0,,2026-07-28
138930,BNK금융지주,은행/금융지주,True,,50.83,83.68,50.0,40.8,59.92,59.47,59.47,0.0,B,value_defensive,Core,False,False,YELLOW,4.0,,2026-07-28
036570,NC,IT 서비스,True,,50.83,60.14,50.0,18.05,34.14,50.14,50.14,0.0,C,value_defensive,—,False,False,YELLOW,4.0,,2026-07-28
000250,삼천당제약,제약,True,,50.83,10.02,50.0,10.0,2.86,34.3,34.3,0.0,Reject,value_quality,—,False,False,YELLOW,4.0,,2026-07-28
005385,현대차우,운송장비·부품,True,,50.83,50.0,50.0,15.57,11.43,46.85,46.85,0.0,C,value_quality,—,False,False,YELLOW,4.0,,2026-07-28
141080,리가켐바이오,일반서비스,True,,50.83,33.87,50.0,10.0,4.66,41.45,41.45,0.0,Reject,value_quality,—,False,False,YELLOW,4.0,,2026-07-28
088980,맥쿼리인프라,기타금융,True,,50.83,50.0,50.0,61.75,51.9,51.47,51.47,0.0,C,value_quality,—,False,False,YELLOW,4.0,,2026-07-28
128940,한미약품,제약,True,,50.83,37.7,50.0,19.56,26.62,43.56,43.56,0.0,Reject,value_quality,—,False,False,YELLOW,4.0,,2026-07-28
319660,피에스케이,기계·장비,True,,50.83,21.26,50.0,27.54,59.4,39.42,39.42,0.0,Reject,value_quality,—,False,False,YELLOW,4.0,,2026-07-28
023530,롯데쇼핑,유통,True,,50.83,53.16,50.0,23.24,54.89,48.56,48.56,0.0,C,value_quality,—,False,False,YELLOW,4.0,,2026-07-28
440110,파두,전기·전자,True,,50.83,28.75,50.0,22.11,58.5,41.13,41.13,0.0,Reject,value_quality,—,False,False,YELLOW,4.0,,2026-07-28
222800,심텍,전기·전자,True,,50.83,35.76,50.0,23.17,54.74,43.34,43.34,0.0,Reject,value_quality,—,False,False,YELLOW,4.0,,2026-07-28
175330,JB금융지주,기타금융,True,,50.83,78.69,50.0,24.5,58.52,56.35,56.35,0.0,B,value_defensive,Core,False,False,YELLOW,4.0,,2026-07-28
001040,CJ,기타금융,True,,50.83,48.31,50.0,10.35,13.38,45.82,45.82,0.0,C,value_quality,—,False,False,YELLOW,4.0,,2026-07-28
066970,엘앤에프,전기·전자,True,,50.83,37.98,50.0,14.02,9.92,43.09,43.09,0.0,Reject,value_quality,—,False,False,YELLOW,4.0,,2026-07-28
087010,펩트론,제약,True,,50.83,29.75,50.0,12.05,2.56,40.42,40.42,0.0,Reject,value_quality,—,False,False,YELLOW,4.0,,2026-07-28
403870,HPSP,기계·장비,True,,50.83,18.95,50.0,14.86,36.84,37.46,37.46,0.0,Reject,value_quality,—,False,False,YELLOW,4.0,,2026-07-28
082740,한화엔진,기계·장비,True,,50.83,33.51,50.0,18.71,23.31,42.21,42.21,0.0,Reject,value_quality,—,False,False,YELLOW,4.0,,2026-07-28
347850,디앤디파마텍,일반서비스,True,,50.83,29.2,50.0,19.49,8.57,41.0,41.0,0.0,Reject,value_quality,—,False,False,YELLOW,4.0,,2026-07-28
088350,한화생명,생명보험,True,,50.83,85.59,50.0,22.17,51.88,58.18,58.18,0.0,B,value_defensive,Core,False,False,YELLOW,4.0,,2026-07-28
080220,제주반도체,전기·전자,True,,50.83,15.05,50.0,22.94,57.29,37.1,37.1,0.0,Reject,value_quality,—,False,False,YELLOW,4.0,,2026-07-28
095340,ISC,유통,True,,50.83,22.48,50.0,20.05,50.38,39.04,39.04,0.0,Reject,value_quality,—,False,False,YELLOW,4.0,,2026-07-28
052690,한전기술,일반서비스,True,,50.83,27.93,50.0,12.7,9.47,39.94,39.94,0.0,Reject,value_quality,—,False,False,YELLOW,4.0,,2026-07-28
018880,한온시스템,기계·장비,True,,50.83,57.45,50.0,15.99,40.15,49.12,49.12,0.0,C,value_quality,—,False,False,YELLOW,4.0,,2026-07-28
069960,현대백화점,유통,True,,50.83,59.04,50.0,23.89,52.48,50.39,50.39,0.0,C,value_quality,—,False,False,YELLOW,4.0,,2026-07-28
010060,OCI홀딩스,기타금융,True,,50.83,56.56,50.0,20.01,54.44,49.26,49.26,0.0,C,value_quality,—,False,False,YELLOW,4.0,,2026-07-28
084370,유진테크,기계·장비,True,,50.83,19.91,50.0,21.2,50.83,38.38,38.38,0.0,Reject,value_quality,—,False,False,YELLOW,4.0,,2026-07-28
004020,현대제철,금속,True,,50.83,70.69,50.0,11.91,24.81,52.69,52.69,0.0,C,value_defensive,—,False,False,YELLOW,4.0,,2026-07-28
336260,두산퓨얼셀,전기·전자,True,,50.83,32.42,50.0,11.87,14.59,41.2,41.2,0.0,Reject,value_quality,—,False,False,YELLOW,4.0,,2026-07-28
108490,로보티즈,기계·장비,True,,50.83,13.07,50.0,20.56,15.49,36.27,36.27,0.0,Reject,value_quality,—,False,False,YELLOW,4.0,,2026-07-28
178320,서진시스템,전기·전자,True,,50.83,41.77,50.0,18.64,50.23,44.69,44.69,0.0,Reject,value_quality,—,False,False,YELLOW,4.0,,2026-07-28
214370,케어젠,제약,True,,50.83,12.83,50.0,13.3,16.69,35.47,35.47,0.0,Reject,value_quality,—,False,False,YELLOW,4.0,,2026-07-28
103590,일진전기,전기·전자,True,,50.83,32.89,50.0,16.56,31.28,41.81,41.81,0.0,Reject,value_quality,—,False,False,YELLOW,4.0,,2026-07-28
310210,보로노이,일반서비스,True,,50.83,29.64,50.0,11.32,8.27,40.31,40.31,0.0,Reject,value_quality,—,False,False,YELLOW,4.0,,2026-07-28
067310,하나마이크론,전기·전자,True,,50.83,19.57,50.0,23.78,47.37,38.54,38.54,0.0,Reject,value_quality,—,False,False,YELLOW,4.0,,2026-07-28
022100,포스코DX,일반서비스,True,,50.83,25.75,50.0,11.52,1.65,39.17,39.17,0.0,Reject,value_quality,—,False,False,YELLOW,4.0,,2026-07-28
450080,에코프로머티,전기·전자,True,,50.83,26.92,50.0,10.0,3.91,39.37,39.37,0.0,Reject,value_quality,—,False,False,YELLOW,4.0,,2026-07-28
012510,더존비즈온,IT 서비스,False,low_liquidity,50.83,29.53,50.0,20.48,90.98,53.45,53.45,0.0,Reject,value_quality,—,True,False,RED,4.0,,2026-07-28
095610,테스,기계·장비,True,,50.83,25.83,50.0,25.65,58.2,40.6,40.6,0.0,Reject,value_quality,—,False,False,YELLOW,4.0,,2026-07-28
051900,LG생활건강,화학,True,,50.83,62.02,50.0,35.39,46.06,52.44,52.44,0.0,C,value_defensive,—,False,False,YELLOW,4.0,,2026-07-28
004800,효성,지주/복합기업,True,,50.83,67.42,50.0,20.06,29.02,52.52,52.52,0.0,C,value_defensive,—,False,False,YELLOW,4.0,,2026-07-28
111770,영원무역,유통,True,,50.83,75.22,50.0,31.37,67.03,55.99,55.99,0.0,B,value_defensive,Core,False,False,YELLOW,4.0,,2026-07-28
214450,파마리서치,제약,True,,50.83,38.91,50.0,17.0,26.32,43.66,43.66,0.0,Reject,value_quality,—,False,False,YELLOW,4.0,,2026-07-28
001450,현대해상,손해보험,True,,50.83,83.46,50.0,35.26,90.68,65.64,65.64,0.0,B,value_defensive,Satellite,True,False,YELLOW,3.47,,2026-07-28
035250,강원랜드,오락·문화,True,,50.83,74.16,50.0,48.97,24.22,57.44,57.44,0.0,B,value_defensive,Core,False,False,YELLOW,4.0,,2026-07-28
011780,금호석유화학,화학,True,,50.83,77.1,50.0,18.55,34.63,55.28,55.28,0.0,B,value_defensive,Core,False,False,YELLOW,4.0,,2026-07-28
036460,한국가스공사,전기·가스,True,,50.83,68.33,50.0,39.89,35.07,54.78,54.78,0.0,C,value_defensive,—,False,False,YELLOW,4.0,,2026-07-28
031210,서울보증보험,보험,True,,50.83,74.42,50.0,27.15,27.52,55.33,55.33,0.0,B,value_defensive,Core,False,False,YELLOW,4.0,,2026-07-28
383220,F&F,섬유·의류,True,,50.83,67.13,50.0,31.17,77.88,58.76,58.76,0.0,B,value_defensive,Satellite,True,False,YELLOW,3.17,,2026-07-28
251270,넷마블,IT 서비스,True,,50.83,73.09,50.0,12.21,15.34,53.44,53.44,0.0,C,value_defensive,—,False,False,YELLOW,4.0,,2026-07-28
145020,휴젤,제약,True,,50.83,48.96,50.0,15.65,37.44,46.54,46.54,0.0,C,value_quality,—,False,False,YELLOW,4.0,,2026-07-28
139130,iM금융지주,은행/금융지주,True,,50.83,82.48,50.0,37.86,67.6,58.82,58.82,0.0,B,value_defensive,Core,False,False,YELLOW,4.0,,2026-07-28
214150,클래시스,의료·정밀기기,True,,50.83,40.16,50.0,12.5,17.44,43.59,43.59,0.0,Reject,value_quality,—,False,False,YELLOW,4.0,,2026-07-28
131290,티에스이,의료·정밀기기,True,,50.83,22.2,50.0,27.81,58.8,39.73,39.73,0.0,Reject,value_quality,—,False,False,YELLOW,4.0,,2026-07-28
097950,CJ제일제당,음식료·담배,True,,50.83,68.13,50.0,39.89,38.96,54.72,54.72,0.0,C,value_defensive,—,False,False,YELLOW,4.0,,2026-07-28
012750,에스원,일반서비스,True,,50.83,60.81,50.0,15.68,43.12,50.1,50.1,0.0,C,value_defensive,—,False,False,YELLOW,4.0,,2026-07-28
302440,SK바이오사이언스,제약,True,,50.83,52.56,50.0,13.01,13.53,47.36,47.36,0.0,C,value_quality,—,False,False,YELLOW,4.0,,2026-07-28
483650,달바글로벌,화학,True,,50.83,25.62,50.0,19.0,96.24,53.83,53.83,0.0,C,value_quality,—,True,False,YELLOW,4.0,,2026-07-28
028670,팬오션,해운,True,,50.83,78.8,50.0,27.55,64.12,56.69,56.69,0.0,B,value_defensive,Core,False,False,YELLOW,4.0,,2026-07-28
031980,피에스케이홀딩스,기계·장비,True,,50.83,36.57,50.0,25.63,55.34,43.82,43.82,0.0,Reject,value_quality,—,False,False,YELLOW,4.0,,2026-07-28
017800,현대엘리베이터,기계·장비,True,,50.83,64.3,50.0,19.99,16.84,51.58,51.58,0.0,C,value_defensive,—,False,False,YELLOW,4.0,,2026-07-28
014680,한솔케미칼,화학,True,,50.83,48.38,50.0,18.24,20.45,46.63,46.63,0.0,C,value_quality,—,False,False,YELLOW,4.0,,2026-07-28
009420,한올바이오파마,제약,True,,50.83,31.31,50.0,23.77,31.88,42.06,42.06,0.0,Reject,value_quality,—,False,False,YELLOW,4.0,,2026-07-28
081660,미스토홀딩스,유통,True,,50.83,62.26,50.0,29.9,55.29,51.96,51.96,0.0,C,value_defensive,—,False,False,YELLOW,4.0,,2026-07-28
026960,동서,유통,True,,50.83,54.42,50.0,47.72,62.56,51.39,51.39,0.0,C,value_quality,—,False,False,YELLOW,4.0,,2026-07-28
279570,케이뱅크,은행,True,,50.83,54.97,50.0,16.32,37.99,48.41,48.41,0.0,C,value_quality,—,False,False,YELLOW,4.0,,2026-07-28
011170,롯데케미칼,화학,True,,50.83,70.69,50.0,10.73,19.7,52.57,52.57,0.0,C,value_defensive,—,False,False,YELLOW,4.0,,2026-07-28
009970,영원무역홀딩스,기타금융,True,,50.83,80.57,50.0,28.86,59.54,57.35,57.35,0.0,B,value_defensive,Core,False,False,YELLOW,4.0,,2026-07-28
226950,올릭스,일반서비스,True,,50.83,30.64,50.0,23.7,23.46,41.85,41.85,0.0,Reject,value_quality,—,False,False,YELLOW,4.0,,2026-07-28
089970,브이엠,기계·장비,True,,50.83,16.6,50.0,25.27,57.89,37.8,37.8,0.0,Reject,value_quality,—,False,False,YELLOW,4.0,,2026-07-28
237690,에스티팜,제약,True,,50.83,32.09,50.0,15.51,20.15,41.47,41.47,0.0,Reject,value_quality,—,False,False,YELLOW,4.0,,2026-07-28
005850,에스엘,자동차부품,True,,50.83,71.93,50.0,24.51,41.2,54.32,54.32,0.0,C,value_defensive,—,False,False,YELLOW,4.0,,2026-07-28
003690,코리안리,생명/손해보험,True,,50.83,75.9,50.0,50.09,85.82,64.39,64.39,0.0,B,value_defensive,Satellite,True,False,YELLOW,3.42,,2026-07-28
161890,한국콜마,화학,True,,50.83,46.21,50.0,30.63,77.49,54.43,54.43,0.0,C,value_quality,—,True,False,YELLOW,4.0,,2026-07-28
000240,한국앤컴퍼니,기타금융,True,,50.83,84.5,50.0,17.87,33.95,57.43,57.43,0.0,B,value_defensive,Core,False,False,YELLOW,4.0,,2026-07-28
001720,신영증권,증권,True,,50.83,72.67,50.0,14.61,27.82,53.55,53.55,0.0,C,value_defensive,—,False,False,YELLOW,4.0,,2026-07-28
064760,티씨케이,비금속,True,,50.83,34.3,50.0,20.74,42.71,42.65,42.65,0.0,Reject,value_quality,—,False,False,YELLOW,4.0,,2026-07-28
007340,DN오토모티브,자동차부품,True,,50.83,72.83,50.0,25.67,57.8,54.71,54.71,0.0,C,value_defensive,—,False,False,YELLOW,4.0,,2026-07-28
489790,한화비전,전기·전자,True,,50.83,34.46,50.0,11.67,16.09,41.8,41.8,0.0,Reject,value_quality,—,False,False,YELLOW,4.0,,2026-07-28
257720,실리콘투,유통,True,,50.83,47.78,50.0,19.01,26.47,46.53,46.53,0.0,C,value_quality,—,False,False,YELLOW,4.0,,2026-07-28
004990,롯데지주,기타금융,True,,50.83,70.14,50.0,12.2,20.75,52.55,52.55,0.0,C,value_defensive,—,False,False,YELLOW,4.0,,2026-07-28
375500,DL이앤씨,건설,True,,50.83,86.11,50.0,19.78,51.43,58.1,58.1,0.0,B,value_defensive,Core,False,False,YELLOW,4.0,,2026-07-28
006360,GS건설,건설,True,,50.83,64.59,50.0,20.58,52.63,51.73,51.73,0.0,C,value_defensive,—,False,False,YELLOW,4.0,,2026-07-28
007070,GS리테일,유통,True,,50.83,50.46,50.0,33.79,71.5,54.09,54.09,0.0,C,value_quality,—,True,False,YELLOW,4.0,,2026-07-28
008930,한미사이언스,기타금융,True,,50.83,48.23,50.0,20.29,26.77,46.79,46.79,0.0,C,value_quality,—,False,False,YELLOW,4.0,,2026-07-28
005290,동진쎄미켐,화학,True,,50.83,46.16,50.0,18.61,35.19,46.0,46.0,0.0,C,value_quality,—,False,False,YELLOW,4.0,,2026-07-28
357780,솔브레인,화학,True,,50.83,43.58,50.0,15.5,23.61,44.91,44.91,0.0,Reject,value_quality,—,False,False,YELLOW,4.0,,2026-07-28
030000,제일기획,일반서비스,True,,50.83,69.83,50.0,47.01,50.58,55.94,55.94,0.0,B,value_defensive,Core,False,False,YELLOW,4.0,,2026-07-28
282330,BGF리테일,유통,True,,50.83,59.68,50.0,34.65,66.23,51.66,51.66,0.0,C,value_quality,—,False,False,YELLOW,4.0,,2026-07-28
139480,이마트,유통,True,,50.83,74.75,50.0,15.59,34.29,54.27,54.27,0.0,C,value_defensive,—,False,False,YELLOW,4.0,,2026-07-28
085620,미래에셋생명,보험,True,,50.83,62.97,50.0,19.74,55.64,51.16,51.16,0.0,C,value_defensive,—,False,False,YELLOW,4.0,,2026-07-28
004370,농심,음식료·담배,True,,50.83,69.7,50.0,30.98,35.31,54.3,54.3,0.0,C,value_defensive,—,False,False,YELLOW,4.0,,2026-07-28
263750,펄어비스,IT 서비스,True,,50.83,45.99,50.0,13.85,24.66,45.47,45.47,0.0,C,value_quality,—,False,False,YELLOW,4.0,,2026-07-28
018670,SK가스,유통,True,,50.83,77.13,50.0,20.69,55.45,55.5,55.5,0.0,B,value_defensive,Core,False,False,YELLOW,4.0,,2026-07-28
319400,현대무벡스,기계·장비,True,,50.83,14.02,50.0,21.58,3.31,36.65,36.65,0.0,Reject,value_quality,—,False,False,YELLOW,4.0,,2026-07-28
204320,HL만도,운송장비·부품,True,,50.83,61.6,50.0,16.67,11.73,50.44,50.44,0.0,C,value_defensive,—,False,False,YELLOW,4.0,,2026-07-28
192820,코스맥스,화학,True,,50.83,46.37,50.0,21.37,42.17,46.34,46.34,0.0,C,value_quality,—,False,False,YELLOW,4.0,,2026-07-28
475150,SK이터닉스,건설,True,,50.83,24.02,50.0,26.45,58.35,40.14,40.14,0.0,Reject,value_quality,—,False,False,YELLOW,4.0,,2026-07-28
051600,한전KPS,건설,True,,50.83,56.86,50.0,13.55,17.29,48.7,48.7,0.0,C,value_quality,—,False,False,YELLOW,4.0,,2026-07-28
002790,아모레퍼시픽홀딩스,화학,True,,50.83,64.88,50.0,18.63,33.01,51.62,51.62,0.0,C,value_defensive,—,False,False,YELLOW,4.0,,2026-07-28
462870,시프트업,IT 서비스,True,,50.83,61.3,50.0,21.53,27.37,50.83,50.83,0.0,C,value_defensive,—,False,False,YELLOW,4.0,,2026-07-28
420770,기가비스,기계·장비,True,,50.83,16.79,50.0,24.6,56.99,37.79,37.79,0.0,Reject,value_quality,—,False,False,YELLOW,4.0,,2026-07-28
071970,HD현대마린엔진,기계·장비,True,,50.83,54.03,50.0,15.81,10.98,48.08,48.08,0.0,C,value_quality,—,False,False,YELLOW,4.0,,2026-07-28
281820,케이씨텍,의료·정밀기기,True,,50.83,37.47,50.0,23.63,55.94,43.89,43.89,0.0,Reject,value_quality,—,False,False,YELLOW,4.0,,2026-07-28
008770,호텔신라,유통,True,,50.83,50.56,50.0,17.09,37.74,47.17,47.17,0.0,C,value_quality,—,False,False,YELLOW,4.0,,2026-07-28
089030,테크윙,기계·장비,True,,50.83,16.42,50.0,19.35,26.92,37.15,37.15,0.0,Reject,value_quality,—,False,False,YELLOW,4.0,,2026-07-28
140860,파크시스템스,의료·정밀기기,True,,50.83,24.03,50.0,20.38,49.42,39.54,39.54,0.0,Reject,value_quality,—,False,False,YELLOW,4.0,,2026-07-28
073240,금호타이어,화학,True,,50.83,78.75,50.0,25.32,48.71,56.45,56.45,0.0,B,value_defensive,Core,False,False,YELLOW,4.0,,2026-07-28
068760,셀트리온제약,제약,True,,50.83,32.26,50.0,16.12,10.68,41.58,41.58,0.0,Reject,value_quality,—,False,False,YELLOW,4.0,,2026-07-28
395400,SK리츠,부동산,True,,50.83,50.0,50.0,38.74,53.1,49.16,49.16,0.0,C,value_quality,—,False,False,YELLOW,4.0,,2026-07-28
098460,고영,기계·장비,True,,50.83,24.68,50.0,21.87,25.86,39.88,39.88,0.0,Reject,value_quality,—,False,False,YELLOW,4.0,,2026-07-28
103140,풍산,금속,True,,50.83,71.33,50.0,10.63,2.41,52.75,52.75,0.0,C,value_defensive,—,False,False,YELLOW,4.0,,2026-07-28
439260,대한조선,운송장비·부품,True,,50.83,70.61,50.0,12.21,13.23,52.69,52.69,0.0,C,value_defensive,—,False,False,YELLOW,4.0,,2026-07-28
290650,엘앤씨바이오,제약,True,,50.83,35.98,50.0,19.12,40.0,43.0,43.0,0.0,Reject,value_quality,—,False,False,YELLOW,4.0,,2026-07-28
457190,이수스페셜티케미컬,화학,True,,50.83,11.81,50.0,14.46,9.77,35.28,35.28,0.0,Reject,value_quality,—,False,False,YELLOW,4.0,,2026-07-28
112610,씨에스윈드,금속,True,,50.83,41.59,50.0,10.16,32.63,43.78,43.78,0.0,Reject,value_quality,—,False,False,YELLOW,4.0,,2026-07-28
000120,CJ대한통운,운송·창고,True,,50.83,87.1,50.0,13.27,18.05,57.75,57.75,0.0,B,value_defensive,Core,False,False,YELLOW,4.0,,2026-07-28
00680K,미래에셋증권2우B,unknown,True,,50.83,50.0,50.0,16.62,28.57,46.95,46.95,0.0,C,value_quality,—,False,False,YELLOW,4.0,,2026-07-28
035900,JYP Ent.,오락·문화,True,,50.83,58.26,50.0,12.47,10.83,49.02,49.02,0.0,C,value_quality,—,False,False,YELLOW,4.0,,2026-07-28
131970,두산테스나,일반서비스,True,,50.83,23.68,50.0,18.32,51.73,39.23,39.23,0.0,Reject,value_quality,—,False,False,YELLOW,4.0,,2026-07-28
140410,메지온,일반서비스,True,,50.83,28.86,50.0,14.81,7.22,40.43,40.43,0.0,Reject,value_quality,—,False,False,YELLOW,4.0,,2026-07-28
032820,우리기술,전기·전자,True,,50.83,12.16,50.0,17.1,45.86,35.65,35.65,0.0,Reject,value_quality,—,False,False,YELLOW,4.0,,2026-07-28
020150,롯데에너지머티리얼즈,전기·전자,True,,50.83,58.68,50.0,12.51,19.55,49.15,49.15,0.0,C,value_quality,—,False,False,YELLOW,4.0,,2026-07-28
007810,코리아써키트,전기·전자,True,,50.83,33.85,50.0,19.12,24.96,42.36,42.36,0.0,Reject,value_quality,—,False,False,YELLOW,4.0,,2026-07-28
041510,에스엠,오락·문화,True,,50.83,70.77,50.0,12.77,10.38,52.8,52.8,0.0,C,value_defensive,—,False,False,YELLOW,4.0,,2026-07-28
000155,두산우,전기·전자,True,,50.83,50.0,50.0,15.06,16.39,46.8,46.8,0.0,C,value_quality,—,False,False,YELLOW,4.0,,2026-07-28
120110,코오롱인더,화학,True,,50.83,49.39,50.0,18.21,46.47,46.93,46.93,0.0,C,value_quality,—,False,False,YELLOW,4.0,,2026-07-28
001800,오리온홀딩스,기타금융,True,,50.83,70.65,50.0,39.73,82.23,61.41,61.41,0.0,B,value_defensive,Satellite,True,False,YELLOW,3.28,,2026-07-28
023590,다우기술,IT서비스/소프트웨어,True,,50.83,85.88,50.0,14.88,28.87,57.54,57.54,0.0,B,value_defensive,Core,False,False,YELLOW,4.0,,2026-07-28
011210,현대위아,운송장비·부품,True,,50.83,73.9,50.0,13.51,8.12,53.81,53.81,0.0,C,value_defensive,—,False,False,YELLOW,4.0,,2026-07-28
010170,대한광통신,전기·전자,True,,50.83,30.2,50.0,18.58,58.65,41.21,41.21,0.0,Reject,value_quality,—,False,False,YELLOW,4.0,,2026-07-28
001740,SK네트웍스,유통,True,,50.83,56.34,50.0,18.96,53.98,49.09,49.09,0.0,C,value_quality,—,False,False,YELLOW,4.0,,2026-07-28
007390,네이처셀,제약,True,,50.83,30.09,50.0,18.9,44.66,41.21,41.21,0.0,Reject,value_quality,—,False,False,YELLOW,4.0,,2026-07-28
096530,씨젠,제약,True,,50.83,51.72,50.0,25.7,66.99,48.38,48.38,0.0,C,value_quality,—,False,False,YELLOW,4.0,,2026-07-28
001120,LX인터내셔널,유통,True,,50.83,79.46,50.0,23.7,34.44,56.5,56.5,0.0,B,value_defensive,Core,False,False,YELLOW,4.0,,2026-07-28
020560,아시아나항공,운송·창고,True,,50.83,49.22,50.0,30.36,30.8,48.09,48.09,0.0,C,value_quality,—,False,False,YELLOW,4.0,,2026-07-28
006280,녹십자,제약,True,,50.83,57.12,50.0,12.02,18.2,48.63,48.63,0.0,C,value_quality,—,False,False,YELLOW,4.0,,2026-07-28
069620,대웅제약,제약,True,,50.83,71.91,50.0,17.13,18.65,53.58,53.58,0.0,C,value_defensive,—,False,False,YELLOW,4.0,,2026-07-28
183300,코미코,기계·장비,True,,50.83,38.44,50.0,17.85,46.77,43.61,43.61,0.0,Reject,value_quality,—,False,False,YELLOW,4.0,,2026-07-28
058610,에스피지,전기·전자,True,,50.83,21.56,50.0,20.99,12.93,38.86,38.86,0.0,Reject,value_quality,—,False,False,YELLOW,4.0,,2026-07-28
060370,LS마린솔루션,건설,True,,50.83,30.34,50.0,16.55,33.23,41.05,41.05,0.0,Reject,value_quality,—,False,False,YELLOW,4.0,,2026-07-28
415640,KB발해인프라,기타금융,True,,50.83,50.0,50.0,62.28,82.41,51.52,51.52,0.0,C,value_quality,—,False,False,YELLOW,4.0,,2026-07-28
089860,롯데렌탈,일반서비스,True,,50.83,71.75,50.0,41.05,90.53,63.84,63.84,0.0,B,value_defensive,Satellite,True,False,YELLOW,3.39,,2026-07-28
009155,삼성전기우,전기·전자,True,,50.83,50.0,50.0,21.54,59.25,47.44,47.44,0.0,C,value_quality,—,False,False,YELLOW,4.0,,2026-07-28
322000,HD현대에너지솔루션,전기·전자,True,,50.83,39.84,50.0,21.99,57.14,44.44,44.44,0.0,Reject,value_quality,—,False,False,YELLOW,4.0,,2026-07-28
097230,HJ중공업,건설,True,,50.83,45.51,50.0,19.4,7.67,45.88,45.88,0.0,C,value_quality,—,False,False,YELLOW,4.0,,2026-07-28
192080,더블유게임즈,게임/엔터,True,,50.83,69.57,50.0,42.85,64.59,55.45,55.45,0.0,B,value_defensive,Core,False,False,YELLOW,4.0,,2026-07-28
0009K0,에임드바이오,unknown,True,,50.83,19.23,50.0,10.9,1.05,37.15,37.15,0.0,Reject,value_quality,—,False,False,YELLOW,4.0,,2026-07-28
083650,비에이치아이,기계·장비,True,,50.83,39.24,50.0,12.55,10.08,43.32,43.32,0.0,Reject,value_quality,—,False,False,YELLOW,4.0,,2026-07-28
229640,LS에코에너지,기타금융,True,,50.83,32.92,50.0,14.53,41.8,41.62,41.62,0.0,Reject,value_quality,—,False,False,YELLOW,4.0,,2026-07-28
298020,효성티앤씨,화학,True,,50.83,42.65,50.0,19.67,40.6,45.05,45.05,0.0,C,value_quality,—,False,False,YELLOW,4.0,,2026-07-28
294870,IPARK현대산업개발,건설,True,,50.83,85.2,50.0,23.73,59.27,58.22,58.22,0.0,B,value_defensive,Core,False,False,YELLOW,4.0,,2026-07-28
007310,오뚜기,음식료·담배,True,,50.83,69.17,50.0,49.99,30.67,56.04,56.04,0.0,B,value_defensive,Core,False,False,YELLOW,4.0,,2026-07-28
005070,코스모신소재,화학,True,,50.83,46.33,50.0,10.0,15.64,45.19,45.19,0.0,C,value_quality,—,False,False,YELLOW,4.0,,2026-07-28
030530,원익홀딩스,화학,True,,50.83,44.86,50.0,17.18,0.9,45.47,45.47,0.0,C,value_quality,—,False,False,YELLOW,4.0,,2026-07-28
082920,비츠로셀,전기·전자,True,,50.83,43.1,50.0,19.81,52.93,45.2,45.2,0.0,C,value_quality,—,False,False,YELLOW,4.0,,2026-07-28
012630,HDC,기타금융,True,,50.83,89.54,50.0,20.4,48.42,59.19,59.19,0.0,B,value_defensive,Core,False,False,YELLOW,4.0,,2026-07-28
003540,대신증권,증권,True,,50.83,75.06,50.0,11.95,29.92,54.0,54.0,0.0,C,value_defensive,—,False,False,YELLOW,4.0,,2026-07-28
181710,NHN,IT 서비스,True,,50.83,53.81,50.0,22.07,49.77,48.64,48.64,0.0,C,value_quality,—,False,False,YELLOW,4.0,,2026-07-28
039200,오스코텍,제약,True,,50.83,36.51,50.0,12.38,13.68,42.48,42.48,0.0,Reject,value_quality,—,False,False,YELLOW,4.0,,2026-07-28
000815,삼성화재우,보험,True,,50.83,50.0,50.0,48.43,65.04,50.13,50.13,0.0,C,value_quality,—,False,False,YELLOW,4.0,,2026-07-28
043260,성호전자,전기·전자,True,,50.83,50.62,50.0,18.55,45.56,47.33,47.33,0.0,C,value_quality,—,False,False,YELLOW,4.0,,2026-07-28
004000,롯데정밀화학,화학,True,,50.83,77.49,50.0,15.17,36.99,55.05,55.05,0.0,B,value_defensive,Core,False,False,YELLOW,4.0,,2026-07-28
001430,세아베스틸지주,금속,True,,50.83,63.94,50.0,14.87,1.95,50.96,50.96,0.0,C,value_defensive,—,False,False,YELLOW,4.0,,2026-07-28
361610,SK아이이테크놀로지,전기·전자,True,,50.83,67.8,50.0,10.6,4.06,51.69,51.69,0.0,C,value_defensive,—,False,False,YELLOW,4.0,,2026-07-28
093370,후성,화학,True,,50.83,24.52,50.0,17.54,46.02,39.4,39.4,0.0,Reject,value_quality,—,False,False,YELLOW,4.0,,2026-07-28
078600,대주전자재료,전기·전자,True,,50.83,29.18,50.0,12.76,43.31,40.32,40.32,0.0,Reject,value_quality,—,False,False,YELLOW,4.0,,2026-07-28
017960,한국카본,금속,True,,50.83,59.8,50.0,10.0,6.02,49.23,49.23,0.0,C,value_quality,—,False,False,YELLOW,4.0,,2026-07-28
218410,RFHIC,전기·전자,True,,50.83,35.77,50.0,16.25,46.92,42.65,42.65,0.0,Reject,value_quality,—,False,False,YELLOW,4.0,,2026-07-28
127120,제이에스링크,일반서비스,True,,50.83,31.53,50.0,26.13,54.14,42.36,42.36,0.0,Reject,value_quality,—,False,False,YELLOW,4.0,,2026-07-28
458870,씨어스,의료·정밀기기,True,,50.83,15.85,50.0,19.03,5.26,36.95,36.95,0.0,Reject,value_quality,—,False,False,YELLOW,4.0,,2026-07-28
003570,SNT다이내믹스,운송장비·부품,True,,50.83,68.34,50.0,10.46,7.52,51.84,51.84,0.0,C,value_defensive,—,False,False,YELLOW,4.0,,2026-07-28
066575,LG전자우,전기·전자,True,,50.83,50.0,50.0,17.72,43.46,47.06,47.06,0.0,C,value_quality,—,False,False,YELLOW,4.0,,2026-07-28
195940,HK이노엔,제약,True,,50.83,66.74,50.0,12.63,23.01,51.58,51.58,0.0,C,value_defensive,—,False,False,YELLOW,4.0,,2026-07-28
003380,하림지주,금융,True,,50.83,90.04,50.0,15.65,26.17,58.87,58.87,0.0,B,value_defensive,Core,False,False,YELLOW,4.0,,2026-07-28
166090,하나머티리얼즈,전기·전자,True,,50.83,45.73,50.0,25.65,38.5,46.57,46.57,0.0,C,value_quality,—,False,False,YELLOW,4.0,,2026-07-28
000080,하이트진로,음식료·담배,True,,50.83,54.66,50.0,54.44,27.84,52.13,52.13,0.0,C,value_quality,—,False,False,YELLOW,4.0,,2026-07-28
300720,한일시멘트,비금속,True,,50.83,72.76,50.0,27.74,23.16,54.89,54.89,0.0,C,value_defensive,—,False,False,YELLOW,4.0,,2026-07-28
031330,에스에이엠티,유통,True,,50.83,54.03,50.0,22.13,57.59,48.71,48.71,0.0,C,value_quality,—,False,False,YELLOW,4.0,,2026-07-28
323280,태성,기계·장비,True,,50.83,35.98,50.0,13.02,12.33,42.39,42.39,0.0,Reject,value_quality,—,False,False,YELLOW,4.0,,2026-07-28
003090,대웅,제약,True,,50.83,85.06,50.0,12.49,17.59,57.06,57.06,0.0,B,value_defensive,Core,False,False,YELLOW,4.0,,2026-07-28
036540,SFA반도체,전기·전자,True,,50.83,49.67,50.0,16.71,30.68,46.86,46.86,0.0,C,value_quality,—,False,False,YELLOW,4.0,,2026-07-28
000210,DL,화학,True,,50.83,70.47,50.0,18.64,49.62,53.3,53.3,0.0,C,value_defensive,—,False,False,YELLOW,4.0,,2026-07-28
003240,태광산업,화학,True,,50.83,85.56,50.0,15.82,44.96,57.54,57.54,0.0,B,value_defensive,Core,False,False,YELLOW,4.0,,2026-07-28
077970,STX엔진,기계·장비,True,,50.83,54.25,50.0,11.91,7.97,47.76,47.76,0.0,C,value_quality,—,False,False,YELLOW,4.0,,2026-07-28
003530,한화투자증권,증권,True,,50.83,78.69,50.0,10.0,22.86,54.9,54.9,0.0,C,value_defensive,—,False,False,YELLOW,4.0,,2026-07-28
185750,종근당,제약,True,,50.83,69.66,50.0,31.86,20.6,54.37,54.37,0.0,C,value_defensive,—,False,False,YELLOW,4.0,,2026-07-28
280360,롯데웰푸드,음식료·담배,True,,50.83,76.67,50.0,40.13,41.92,57.3,57.3,0.0,B,value_defensive,Core,False,False,YELLOW,4.0,,2026-07-28
005300,롯데칠성,음식료·담배,True,,50.83,61.23,50.0,30.56,17.89,51.72,51.72,0.0,C,value_defensive,—,False,False,YELLOW,4.0,,2026-07-28
034230,파라다이스,오락·문화,True,,50.83,78.75,50.0,10.94,5.56,55.01,55.01,0.0,B,value_defensive,Core,False,False,YELLOW,4.0,,2026-07-28
475830,오름테라퓨틱,제약,True,,50.83,37.65,50.0,16.04,1.35,43.19,43.19,0.0,Reject,value_quality,—,False,False,YELLOW,4.0,,2026-07-28
006120,SK디스커버리,기타금융,True,,50.83,86.06,50.0,19.08,28.9,58.02,58.02,0.0,B,value_defensive,Core,False,False,YELLOW,4.0,,2026-07-28
195870,해성디에스,전기·전자,True,,50.83,43.36,50.0,20.15,33.38,45.31,45.31,0.0,C,value_quality,—,False,False,YELLOW,4.0,,2026-07-28
009450,경동나비엔,전기·전자,True,,50.83,68.35,50.0,17.18,43.16,52.51,52.51,0.0,C,value_defensive,—,False,False,YELLOW,4.0,,2026-07-28
252990,샘씨엔에스,전기·전자,True,,50.83,26.65,50.0,29.05,60.25,41.19,41.19,0.0,Reject,value_quality,—,False,False,YELLOW,4.0,,2026-07-28
491000,리브스메드,의료·정밀기기,True,,50.83,41.43,50.0,11.49,6.47,43.87,43.87,0.0,Reject,value_quality,—,False,False,YELLOW,4.0,,2026-07-28
051915,LG화학우,화학,True,,50.83,50.0,50.0,10.79,12.78,46.37,46.37,0.0,C,value_quality,—,False,False,YELLOW,4.0,,2026-07-28
032350,롯데관광개발,일반서비스,True,,50.83,41.97,50.0,11.29,3.76,44.01,44.01,0.0,Reject,value_quality,—,False,False,YELLOW,4.0,,2026-07-28
347700,스피어,IT 서비스,True,,50.83,11.86,50.0,15.5,20.3,35.4,35.4,0.0,Reject,value_quality,—,False,False,YELLOW,4.0,,2026-07-28
006340,대원전선,전기·전자,True,,50.83,20.53,50.0,30.86,66.46,39.54,39.54,0.0,Reject,value_quality,—,False,False,YELLOW,4.0,,2026-07-28
437730,삼현,운송장비·부품,True,,50.83,22.55,50.0,20.73,2.11,39.13,39.13,0.0,Reject,value_quality,—,False,False,YELLOW,4.0,,2026-07-28
071055,한국금융지주우,기타금융,True,,50.83,50.0,50.0,25.63,44.49,47.85,47.85,0.0,C,value_quality,—,False,False,YELLOW,4.0,,2026-07-28
001820,삼화콘덴서,전기·전자,True,,50.83,31.26,50.0,18.81,58.05,41.55,41.55,0.0,Reject,value_quality,—,False,False,YELLOW,4.0,,2026-07-28
101490,에스앤에스텍,전기·전자,True,,50.83,51.92,50.0,11.46,8.72,47.01,47.01,0.0,C,value_quality,—,False,False,YELLOW,4.0,,2026-07-28
241710,코스메카코리아,화학,True,,50.83,45.55,50.0,30.18,73.14,53.16,53.16,0.0,C,value_quality,—,True,False,YELLOW,4.0,,2026-07-28
003470,유안타증권,증권,True,,50.83,76.74,50.0,16.68,43.01,54.98,54.98,0.0,C,value_defensive,—,False,False,YELLOW,4.0,,2026-07-28
204270,제이앤티씨,전기·전자,True,,50.83,44.21,50.0,10.0,11.28,44.55,44.55,0.0,Reject,value_quality,—,False,False,YELLOW,4.0,,2026-07-28
009240,한샘,유통,True,,50.83,58.72,50.0,33.22,33.08,51.23,51.23,0.0,C,value_quality,—,False,False,YELLOW,4.0,,2026-07-28
086450,동국제약,제약,True,,50.83,64.2,50.0,13.83,42.11,50.93,50.93,0.0,C,value_defensive,—,False,False,YELLOW,4.0,,2026-07-28
099320,쎄트렉아이,운송장비·부품,True,,50.83,31.38,50.0,14.63,3.46,41.17,41.17,0.0,Reject,value_quality,—,False,False,YELLOW,4.0,,2026-07-28
376900,로킷헬스케어,제약,True,,50.83,28.97,50.0,15.98,6.17,40.58,40.58,0.0,Reject,value_quality,—,False,False,YELLOW,4.0,,2026-07-28
293490,카카오게임즈,IT 서비스,True,,50.83,64.91,50.0,12.13,3.61,50.98,50.98,0.0,C,value_defensive,—,False,False,YELLOW,4.0,,2026-07-28
388210,씨엠티엑스,전기·전자,True,,50.83,41.21,50.0,12.2,10.53,43.87,43.87,0.0,Reject,value_quality,—,False,False,YELLOW,4.0,,2026-07-28
100090,SK오션플랜트,금속,True,,50.83,56.41,50.0,10.85,12.03,48.3,48.3,0.0,C,value_quality,—,False,False,YELLOW,4.0,,2026-07-28
085660,차바이오텍,제약,True,,50.83,47.89,50.0,10.51,4.21,45.71,45.71,0.0,C,value_quality,—,False,False,YELLOW,4.0,,2026-07-28
019210,와이지-원,금속,True,,50.83,44.23,50.0,30.28,65.3,46.59,46.59,0.0,C,value_quality,—,False,False,YELLOW,4.0,,2026-07-28
365550,ESR켄달스퀘어리츠,부동산,True,,50.83,50.0,50.0,44.66,19.26,49.76,49.76,0.0,C,value_quality,—,False,False,YELLOW,4.0,,2026-07-28
083450,GST,기계·장비,True,,50.83,51.06,50.0,24.09,53.38,48.02,48.02,0.0,C,value_quality,—,False,False,YELLOW,4.0,,2026-07-28
456040,OCI,화학,True,,50.83,62.35,50.0,15.14,34.89,50.51,50.51,0.0,C,value_defensive,—,False,False,YELLOW,4.0,,2026-07-28
232140,와이씨,기계·장비,True,,50.83,40.5,50.0,10.0,6.92,43.44,43.44,0.0,Reject,value_quality,—,False,False,YELLOW,4.0,,2026-07-28
038500,삼표시멘트,비금속,True,,50.83,59.46,50.0,17.11,51.13,49.84,49.84,0.0,C,value_quality,—,False,False,YELLOW,4.0,,2026-07-28
499790,GS피앤엘,기타금융,True,,50.83,49.08,50.0,13.35,29.47,46.35,46.35,0.0,C,value_quality,—,False,False,YELLOW,4.0,,2026-07-28
004490,세방전지,전기·전자,True,,50.83,87.41,50.0,20.97,21.05,58.61,58.61,0.0,B,value_defensive,Core,False,False,YELLOW,4.0,,2026-07-28
214320,이노션,광고/미디어,True,,50.83,75.19,50.0,61.17,68.49,58.96,58.96,0.0,B,value_defensive,Core,False,False,YELLOW,4.0,,2026-07-28
281740,레이크머티리얼즈,화학,True,,50.83,23.25,50.0,10.05,14.14,38.27,38.27,0.0,Reject,value_quality,—,False,False,YELLOW,4.0,,2026-07-28
417200,LS머트리얼즈,전기·전자,True,,50.83,22.09,50.0,12.23,22.56,38.14,38.14,0.0,Reject,value_quality,—,False,False,YELLOW,4.0,,2026-07-28
000400,롯데손해보험,보험,True,,50.83,59.23,50.0,23.47,60.33,50.41,50.41,0.0,C,value_quality,—,False,False,YELLOW,4.0,,2026-07-28
079160,CJ CGV,오락·문화,True,,50.83,54.01,50.0,30.0,30.32,49.49,49.49,0.0,C,value_quality,—,False,False,YELLOW,4.0,,2026-07-28
213420,덕산네오룩스,전기·전자,True,,50.83,58.58,50.0,10.82,24.36,48.95,48.95,0.0,C,value_quality,—,False,False,YELLOW,4.0,,2026-07-28
074600,원익QnC,비금속,True,,50.83,45.0,50.0,19.12,41.35,45.7,45.7,0.0,C,value_quality,—,False,False,YELLOW,4.0,,2026-07-28
122870,와이지엔터테인먼트,오락·문화,True,,50.83,53.58,50.0,11.06,5.11,47.47,47.47,0.0,C,value_quality,—,False,False,YELLOW,4.0,,2026-07-28
090710,휴림로봇,기계·장비,True,,50.83,39.76,50.0,16.11,1.2,43.83,43.83,0.0,Reject,value_quality,—,False,False,YELLOW,4.0,,2026-07-28
056190,SFA,기계·장비,True,,50.83,75.87,50.0,10.38,18.35,54.09,54.09,0.0,C,value_defensive,—,False,False,YELLOW,4.0,,2026-07-28
065350,신성델타테크,전기·전자,True,,50.83,40.59,50.0,10.58,1.5,43.53,43.53,0.0,Reject,value_quality,—,False,False,YELLOW,4.0,,2026-07-28
100790,미래에셋벤처투자,금융,True,,50.83,47.11,50.0,13.17,31.58,45.74,45.74,0.0,C,value_quality,—,False,False,YELLOW,4.0,,2026-07-28
075580,세진중공업,운송장비·부품,True,,50.83,51.38,50.0,10.68,4.51,46.77,46.77,0.0,C,value_quality,—,False,False,YELLOW,4.0,,2026-07-28
388720,유일로보틱스,기계·장비,True,,50.83,36.54,50.0,10.74,8.42,42.33,42.33,0.0,Reject,value_quality,—,False,False,YELLOW,4.0,,2026-07-28
328130,루닛,IT 서비스,True,,50.83,41.77,50.0,10.35,2.71,43.86,43.86,0.0,Reject,value_quality,—,False,False,YELLOW,4.0,,2026-07-28
041830,인바디,의료·정밀기기,True,,50.83,49.19,50.0,31.31,74.13,54.25,54.25,0.0,C,value_quality,—,True,False,YELLOW,4.0,,2026-07-28
137400,피엔티,기계·장비,True,,50.83,72.57,50.0,11.04,15.19,53.17,53.17,0.0,C,value_defensive,—,False,False,YELLOW,4.0,,2026-07-28
032190,다우데이타,유통,True,,50.83,88.78,50.0,15.06,34.59,58.43,58.43,0.0,B,value_defensive,Core,False,False,YELLOW,4.0,,2026-07-28
000370,한화손해보험,보험,True,,50.83,90.37,50.0,14.14,35.94,58.82,58.82,0.0,B,value_defensive,Core,False,False,YELLOW,4.0,,2026-07-28
064960,SNT모티브,운송장비·부품,True,,50.83,79.77,50.0,13.69,14.29,55.59,55.59,0.0,B,value_defensive,Core,False,False,YELLOW,4.0,,2026-07-28
285130,SK케미칼,화학,True,,50.83,73.09,50.0,11.55,5.86,53.37,53.37,0.0,C,value_defensive,—,False,False,YELLOW,4.0,,2026-07-28
248070,솔루엠,전기·전자,True,,50.83,42.66,50.0,11.06,30.38,44.19,44.19,0.0,Reject,value_quality,—,False,False,YELLOW,4.0,,2026-07-28
033100,제룡전기,전기·전자,True,,50.83,56.28,50.0,15.26,39.55,48.7,48.7,0.0,C,value_quality,—,False,False,YELLOW,4.0,,2026-07-28
014620,성광벤드,금속,True,,50.83,56.82,50.0,13.4,28.42,48.68,48.68,0.0,C,value_quality,—,False,False,YELLOW,4.0,,2026-07-28
298050,HS효성첨단소재,화학,True,,50.83,59.79,50.0,12.61,16.54,49.49,49.49,0.0,C,value_quality,—,False,False,YELLOW,4.0,,2026-07-28
006650,대한유화,화학,True,,50.83,70.59,50.0,10.0,6.32,52.47,52.47,0.0,C,value_defensive,—,False,False,YELLOW,4.0,,2026-07-28
000670,영풍,금속,True,,50.83,71.14,50.0,10.12,9.02,52.64,52.64,0.0,C,value_defensive,—,False,False,YELLOW,4.0,,2026-07-28
005690,파미셀,전기·전자,True,,50.83,44.73,50.0,10.0,18.5,44.71,44.71,0.0,Reject,value_quality,—,False,False,YELLOW,4.0,,2026-07-28
093320,케이아이엔엑스,IT 서비스,True,,50.83,36.35,50.0,19.0,84.81,53.12,53.12,0.0,C,value_quality,—,True,False,YELLOW,4.0,,2026-07-28
035760,CJ ENM,오락·문화,True,,50.83,70.31,50.0,17.15,2.26,53.1,53.1,0.0,C,value_defensive,—,False,False,YELLOW,4.0,,2026-07-28
069260,TKG휴켐스,화학,True,,50.83,75.38,50.0,24.96,23.99,55.4,55.4,0.0,B,value_defensive,Core,False,False,YELLOW,4.0,,2026-07-28
189300,인텔리안테크,전기·전자,True,,50.83,33.0,50.0,14.29,19.4,41.62,41.62,0.0,Reject,value_quality,—,False,False,YELLOW,4.0,,2026-07-28
115180,큐리언트,일반서비스,True,,50.83,30.42,50.0,15.4,6.62,40.96,40.96,0.0,Reject,value_quality,—,False,False,YELLOW,4.0,,2026-07-28
025540,한국단자,전자부품/커넥터,True,,50.83,82.76,50.0,20.99,24.21,57.22,57.22,0.0,B,value_defensive,Core,False,False,YELLOW,4.0,,2026-07-28
445680,큐리옥스바이오시스템즈,의료·정밀기기,True,,50.83,33.2,50.0,11.01,0.45,41.35,41.35,0.0,Reject,value_quality,—,False,False,YELLOW,4.0,,2026-07-28
108320,LX세미콘,전기·전자,True,,50.83,82.55,50.0,10.0,13.83,56.06,56.06,0.0,B,value_defensive,Core,False,False,YELLOW,4.0,,2026-07-28
036830,솔브레인홀딩스,일반서비스,True,,50.83,90.36,50.0,10.57,19.25,58.46,58.46,0.0,B,value_defensive,Core,False,False,YELLOW,4.0,,2026-07-28
006730,서부T&D,일반서비스,True,,50.83,81.56,50.0,14.46,14.44,56.2,56.2,0.0,B,value_defensive,Core,False,False,YELLOW,4.0,,2026-07-28
161580,필옵틱스,기계·장비,True,,50.83,41.1,50.0,10.0,5.41,43.62,43.62,0.0,Reject,value_quality,—,False,False,YELLOW,4.0,,2026-07-28
094170,동운아나텍,전기·전자,True,,50.83,14.66,50.0,19.06,37.29,36.59,36.59,0.0,Reject,value_quality,—,False,False,YELLOW,4.0,,2026-07-28
005180,빙그레,음식료·담배,True,,50.83,70.98,50.0,37.41,35.88,55.33,55.33,0.0,B,value_defensive,Core,False,False,YELLOW,4.0,,2026-07-28
253450,스튜디오드래곤,오락·문화,True,,50.83,48.49,50.0,16.1,1.8,46.45,46.45,0.0,C,value_quality,—,False,False,YELLOW,4.0,,2026-07-28
001680,대상,음식료·담배,True,,50.83,63.68,50.0,44.96,26.4,53.89,53.89,0.0,C,value_defensive,—,False,False,YELLOW,4.0,,2026-07-28
293940,신한알파리츠,부동산,False,low_liquidity,50.83,50.0,50.0,60.87,57.96,51.38,51.38,0.0,Reject,value_quality,—,False,False,RED,4.0,,2026-07-28
476060,온코닉테라퓨틱스,일반서비스,True,,50.83,27.03,50.0,17.17,4.36,40.12,40.12,0.0,Reject,value_quality,—,False,False,YELLOW,4.0,,2026-07-28
476830,알지노믹스,일반서비스,True,,50.83,32.31,50.0,10.0,0.3,40.98,40.98,0.0,Reject,value_quality,—,False,False,YELLOW,4.0,,2026-07-28
490470,세미파이브,일반서비스,True,,50.83,46.77,50.0,10.0,9.17,45.32,45.32,0.0,C,value_quality,—,False,False,YELLOW,4.0,,2026-07-28
032500,케이엠더블유,전기·전자,True,,50.83,39.88,50.0,14.19,35.49,43.67,43.67,0.0,Reject,value_quality,—,False,False,YELLOW,4.0,,2026-07-28
119850,지엔씨에너지,전기·전자,True,,50.83,47.42,50.0,26.93,38.71,47.21,47.21,0.0,C,value_quality,—,False,False,YELLOW,4.0,,2026-07-28
005090,SGC에너지,전기·가스,True,,50.83,56.01,50.0,22.88,56.84,49.38,49.38,0.0,C,value_quality,—,False,False,YELLOW,4.0,,2026-07-28
466100,클로봇,IT 서비스,True,,50.83,33.42,50.0,15.38,0.75,41.85,41.85,0.0,Reject,value_quality,—,False,False,YELLOW,4.0,,2026-07-28
090360,로보스타,기계·장비,True,,50.83,36.32,50.0,17.81,12.48,42.97,42.97,0.0,Reject,value_quality,—,False,False,YELLOW,4.0,,2026-07-28
102710,이엔에프테크놀로지,화학,True,,50.83,60.59,50.0,15.58,28.12,50.03,50.03,0.0,C,value_defensive,—,False,False,YELLOW,4.0,,2026-07-28
00088K,한화3우B,unknown,True,,50.83,50.0,50.0,13.49,8.87,46.64,46.64,0.0,C,value_quality,—,False,False,YELLOW,4.0,,2026-07-28
048410,현대바이오,화학,True,,50.83,38.99,50.0,12.6,38.8,43.25,43.25,0.0,Reject,value_quality,—,False,False,YELLOW,4.0,,2026-07-28
023160,태광,금속,True,,50.83,69.73,50.0,12.84,22.71,52.49,52.49,0.0,C,value_defensive,—,False,False,YELLOW,4.0,,2026-07-28
