ticker,name,sector,gate_pass,gate_fail_reason,score_q,score_v,score_sr,score_r,score_m,composite_raw,composite_score,incumbent_bonus,grade,role_suggested,tier,satellite_track,is_held,data_gate,sleeve_weight_suggested,portfolio_weight_suggested,as_of,rank,reason
001450,현대해상,손해보험,True,,50.83,83.48,50.0,34.58,89.64,65.31,65.31,0.0,B,value_defensive,Satellite,True,False,YELLOW,3.46,,2026-07-28,1,Q51 V83 SR50 tier=Satellite
078930,GS,지주/에너지,True,,50.83,81.67,50.0,35.47,87.85,64.59,64.59,0.0,B,value_defensive,Satellite,True,False,YELLOW,3.43,,2026-07-28,2,Q51 V82 SR50 tier=Satellite
271560,오리온,consumer,True,,75.47,52.16,48.5,52.89,75.81,64.59,64.59,0.0,B,quality_defensive,Satellite,True,False,GREEN,3.43,,2026-07-28,3,Q75 V52 SR48 tier=Satellite
003690,코리안리,생명/손해보험,True,,50.83,75.94,50.0,49.31,86.56,64.51,64.51,0.0,B,value_defensive,Satellite,True,False,YELLOW,3.42,,2026-07-28,4,Q51 V76 SR50 tier=Satellite
089860,롯데렌탈,일반서비스,True,,50.83,71.81,50.0,41.0,91.15,64.0,64.0,0.0,B,value_defensive,Satellite,True,False,YELLOW,3.4,,2026-07-28,5,Q51 V72 SR50 tier=Satellite
006040,동원산업,consumer,True,,60.39,76.89,66.25,25.47,26.55,63.31,63.31,0.0,B,dividend_value,Core,False,False,GREEN,4.0,,2026-07-28,6,Q60 V77 SR66 tier=Core
055550,신한지주,은행/금융지주,True,,50.83,70.22,50.0,47.01,85.79,62.94,62.94,0.0,B,value_defensive,Satellite,True,False,YELLOW,3.35,,2026-07-28,7,Q51 V70 SR50 tier=Satellite
086790,하나금융지주,은행/금융지주,True,,50.83,75.11,50.0,41.67,81.66,62.35,62.35,0.0,B,value_defensive,Satellite,True,False,YELLOW,3.33,,2026-07-28,8,Q51 V75 SR50 tier=Satellite
001800,오리온홀딩스,기타금융,True,,50.83,70.72,50.0,37.91,80.05,60.7,60.7,0.0,B,value_defensive,Satellite,True,False,YELLOW,3.25,,2026-07-28,9,Q51 V71 SR50 tier=Satellite
105560,KB금융,은행/금융지주,True,,50.83,68.3,50.0,39.01,80.2,60.36,60.36,0.0,B,value_defensive,Satellite,True,False,YELLOW,3.24,,2026-07-28,10,Q51 V68 SR50 tier=Satellite
024110,기업은행,은행,True,,50.83,86.49,50.0,39.1,39.23,60.15,60.15,0.0,B,value_defensive,Core,False,False,YELLOW,4.0,,2026-07-28,11,Q51 V86 SR50 tier=Core
033780,KT&G,음식료·담배,True,,50.83,51.58,50.0,42.25,90.4,59.89,59.89,0.0,B,momentum_satellite,Satellite,True,False,YELLOW,3.22,,2026-07-28,12,Q51 V52 SR50 tier=Satellite
005830,DB손해보험,insurance,True,,56.79,72.57,60.0,26.83,61.9,59.33,59.33,0.0,B,dividend_value,Core,False,False,GREEN,4.0,,2026-07-28,13,Q57 V73 SR60 tier=Core
138930,BNK금융지주,은행/금융지주,True,,50.83,83.71,50.0,38.04,55.3,59.21,59.21,0.0,B,value_defensive,Core,False,False,YELLOW,4.0,,2026-07-28,14,Q51 V84 SR50 tier=Core
012630,HDC,기타금융,True,,50.83,89.55,50.0,18.6,47.85,59.02,59.02,0.0,B,value_defensive,Core,False,False,YELLOW,4.0,,2026-07-28,15,Q51 V90 SR50 tier=Core
214320,이노션,광고/미디어,True,,50.83,75.24,50.0,59.57,67.45,58.82,58.82,0.0,B,value_defensive,Core,False,False,YELLOW,4.0,,2026-07-28,16,Q51 V75 SR50 tier=Core
003380,하림지주,금융,True,,50.83,90.05,50.0,15.07,25.05,58.81,58.81,0.0,B,value_defensive,Core,False,False,YELLOW,4.0,,2026-07-28,17,Q51 V90 SR50 tier=Core
000370,한화손해보험,보험,True,,50.83,90.37,50.0,13.14,35.85,58.72,58.72,0.0,B,value_defensive,Core,False,False,YELLOW,4.0,,2026-07-28,18,Q51 V90 SR50 tier=Core
383220,F&F,섬유·의류,True,,50.83,67.2,50.0,30.23,77.78,58.66,58.66,0.0,B,value_defensive,Satellite,True,False,YELLOW,3.16,,2026-07-28,19,Q51 V67 SR50 tier=Satellite
316140,우리금융지주,기타금융,True,,50.83,81.27,50.0,38.78,57.21,58.55,58.55,0.0,B,value_defensive,Core,False,False,YELLOW,4.0,,2026-07-28,20,Q51 V81 SR50 tier=Core
004490,세방전지,전기·전자,True,,50.83,87.42,50.0,19.15,21.6,58.43,58.43,0.0,B,value_defensive,Core,False,False,YELLOW,4.0,,2026-07-28,21,Q51 V87 SR50 tier=Core
036830,솔브레인홀딩스,일반서비스,True,,50.83,90.37,50.0,10.0,19.65,58.4,58.4,0.0,B,value_defensive,Core,False,False,YELLOW,4.0,,2026-07-28,22,Q51 V90 SR50 tier=Core
139130,iM금융지주,은행/금융지주,True,,50.83,82.51,50.0,33.33,59.19,58.38,58.38,0.0,B,value_defensive,Core,False,False,YELLOW,4.0,,2026-07-28,23,Q51 V83 SR50 tier=Core
032190,다우데이타,유통,True,,50.83,88.79,50.0,14.44,34.8,58.37,58.37,0.0,B,value_defensive,Core,False,False,YELLOW,4.0,,2026-07-28,24,Q51 V89 SR50 tier=Core
029780,삼성카드,기타금융,True,,50.83,81.09,50.0,36.34,30.94,58.25,58.25,0.0,B,value_defensive,Core,False,False,YELLOW,4.0,,2026-07-28,25,Q51 V81 SR50 tier=Core
088350,한화생명,생명보험,True,,50.83,85.61,50.0,21.11,51.75,58.08,58.08,0.0,B,value_defensive,Core,False,False,YELLOW,4.0,,2026-07-28,26,Q51 V86 SR50 tier=Core
375500,DL이앤씨,건설,True,,50.83,86.13,50.0,18.84,51.45,58.01,58.01,0.0,B,value_defensive,Core,False,False,YELLOW,4.0,,2026-07-28,27,Q51 V86 SR50 tier=Core
294870,IPARK현대산업개발,건설,True,,50.83,85.22,50.0,21.43,55.57,58.0,58.0,0.0,B,value_defensive,Core,False,False,YELLOW,4.0,,2026-07-28,28,Q51 V85 SR50 tier=Core
006120,SK디스커버리,기타금융,True,,50.83,86.08,50.0,17.95,27.37,57.91,57.91,0.0,B,value_defensive,Core,False,False,YELLOW,4.0,,2026-07-28,29,Q51 V86 SR50 tier=Core
000120,CJ대한통운,운송·창고,True,,50.83,87.11,50.0,12.63,18.75,57.69,57.69,0.0,B,value_defensive,Core,False,False,YELLOW,4.0,,2026-07-28,30,Q51 V87 SR50 tier=Core
003240,태광산업,화학,True,,50.83,85.58,50.0,14.67,44.55,57.43,57.43,0.0,B,value_defensive,Core,False,False,YELLOW,4.0,,2026-07-28,32,Q51 V86 SR50 tier=Core
035250,강원랜드,오락·문화,True,,50.83,74.21,50.0,48.55,25.48,57.41,57.41,0.0,B,value_defensive,Core,False,False,YELLOW,4.0,,2026-07-28,33,Q51 V74 SR50 tier=Core
023590,다우기술,IT서비스/소프트웨어,True,,50.83,85.9,50.0,13.54,28.35,57.41,57.41,0.0,B,value_defensive,Core,False,False,YELLOW,4.0,,2026-07-28,34,Q51 V86 SR50 tier=Core
161390,한국타이어앤테크놀로지,타이어/화학,True,,50.83,79.53,50.0,32.23,66.89,57.37,57.37,0.0,B,value_defensive,Core,False,False,YELLOW,4.0,,2026-07-28,35,Q51 V80 SR50 tier=Core
005440,현대지에프홀딩스,holding,True,,57.27,73.25,52.5,21.6,52.35,57.3,57.3,0.0,B,value_rerating,Core,False,False,GREEN,4.0,,2026-07-28,37,Q57 V73 SR52 tier=Core
280360,롯데웰푸드,음식료·담배,True,,50.83,76.72,50.0,38.23,39.19,57.13,57.13,0.0,B,value_defensive,Core,False,False,YELLOW,4.0,,2026-07-28,38,Q51 V77 SR50 tier=Core
021240,코웨이,consumer,True,,86.54,52.72,30.25,34.38,64.45,57.11,57.11,0.0,B,quality_defensive,Core,False,False,GREEN,4.0,,2026-07-28,39,Q87 V53 SR30 tier=Core
025540,한국단자,전자부품/커넥터,True,,50.83,82.78,50.0,19.34,24.15,57.06,57.06,0.0,B,value_defensive,Core,False,False,YELLOW,4.0,,2026-07-28,40,Q51 V83 SR50 tier=Core
030200,KT,통신/인프라,True,,50.83,76.06,50.0,39.51,49.62,57.06,57.06,0.0,B,value_defensive,Core,False,False,YELLOW,4.0,,2026-07-28,41,Q51 V76 SR50 tier=Core
003090,대웅,제약,True,,50.83,85.08,50.0,11.73,18.0,56.99,56.99,0.0,B,value_defensive,Core,False,False,YELLOW,4.0,,2026-07-28,42,Q51 V85 SR50 tier=Core
015760,한국전력,전력/유틸리티,True,,50.83,84.95,50.0,10.56,3.45,56.83,56.83,0.0,B,value_defensive,Core,False,False,YELLOW,4.0,,2026-07-28,43,Q51 V85 SR50 tier=Core
028670,팬오션,해운,True,,50.83,78.84,50.0,27.09,64.33,56.65,56.65,0.0,B,value_defensive,Core,False,False,YELLOW,4.0,,2026-07-28,44,Q51 V79 SR50 tier=Core
001120,LX인터내셔널,유통,True,,50.83,79.5,50.0,23.43,35.7,56.48,56.48,0.0,B,value_defensive,Core,False,False,YELLOW,4.0,,2026-07-28,45,Q51 V80 SR50 tier=Core
073240,금호타이어,화학,True,,50.83,78.79,50.0,23.86,44.99,56.31,56.31,0.0,B,value_defensive,Core,False,False,YELLOW,4.0,,2026-07-28,46,Q51 V79 SR50 tier=Core
006730,서부T&D,일반서비스,True,,50.83,81.59,50.0,13.4,14.85,56.11,56.11,0.0,B,value_defensive,Core,False,False,YELLOW,4.0,,2026-07-28,47,Q51 V82 SR50 tier=Core
108320,LX세미콘,전기·전자,True,,50.83,82.58,50.0,10.0,12.45,56.06,56.06,0.0,B,value_defensive,Core,False,False,YELLOW,4.0,,2026-07-28,48,Q51 V83 SR50 tier=Core
111770,영원무역,유통,True,,50.83,75.26,50.0,31.79,70.46,56.05,56.05,0.0,B,value_defensive,Core,False,False,YELLOW,4.0,,2026-07-28,49,Q51 V75 SR50 tier=Core
007310,오뚜기,음식료·담배,True,,50.83,69.24,50.0,48.93,29.37,55.96,55.96,0.0,B,value_defensive,Core,False,False,YELLOW,4.0,,2026-07-28,51,Q51 V69 SR50 tier=Core
000660,SK하이닉스,semiconductor,True,,92.42,49.15,25.0,24.64,57.3,55.81,55.81,0.0,B,defensive_consumer,Core,False,False,GREEN,4.0,,2026-07-28,52,Q92 V49 SR25 tier=Core
030000,제일기획,일반서비스,True,,50.83,69.89,50.0,45.02,49.57,55.76,55.76,0.0,B,value_defensive,Core,False,False,YELLOW,4.0,,2026-07-28,53,Q51 V70 SR50 tier=Core
192080,더블유게임즈,게임/엔터,True,,50.83,69.64,50.0,42.25,64.9,55.41,55.41,0.0,B,value_defensive,Core,False,False,YELLOW,4.0,,2026-07-28,54,Q51 V70 SR50 tier=Core
064960,SNT모티브,운송장비·부품,True,,50.83,79.8,50.0,11.43,13.95,55.37,55.37,0.0,B,value_defensive,Core,False,False,YELLOW,4.0,,2026-07-28,55,Q51 V80 SR50 tier=Core
069260,TKG휴켐스,화학,True,,50.83,75.43,50.0,24.22,22.95,55.34,55.34,0.0,B,value_defensive,Core,False,False,YELLOW,4.0,,2026-07-28,56,Q51 V75 SR50 tier=Core
018670,SK가스,유통,True,,50.83,77.17,50.0,18.97,53.79,55.34,55.34,0.0,B,value_defensive,Core,False,False,YELLOW,4.0,,2026-07-28,57,Q51 V77 SR50 tier=Core
005180,빙그레,음식료·담배,True,,50.83,71.04,50.0,37.41,37.32,55.34,55.34,0.0,B,value_defensive,Core,False,False,YELLOW,4.0,,2026-07-28,58,Q51 V71 SR50 tier=Core
032640,LG유플러스,통신,True,,50.83,72.59,50.0,31.92,53.24,55.26,55.26,0.0,B,value_defensive,Core,False,False,YELLOW,4.0,,2026-07-28,59,Q51 V73 SR50 tier=Core
011200,HMM,운송·창고,True,,50.83,74.59,50.0,25.86,49.23,55.25,55.25,0.0,B,value_defensive,Core,False,False,YELLOW,4.0,,2026-07-28,60,Q51 V75 SR50 tier=Core
031210,서울보증보험,보험,True,,50.83,74.47,50.0,25.96,27.6,55.23,55.23,0.0,B,value_defensive,Core,False,False,YELLOW,4.0,,2026-07-28,61,Q51 V74 SR50 tier=Core
071050,한국금융지주,증권/금융지주,True,,50.83,75.59,50.0,22.27,42.15,55.19,55.19,0.0,B,value_defensive,Core,False,False,YELLOW,4.0,,2026-07-28,62,Q51 V76 SR50 tier=Core
011780,금호석유화학,화학,True,,50.83,77.15,50.0,17.11,32.67,55.15,55.15,0.0,B,value_defensive,Core,False,False,YELLOW,4.0,,2026-07-28,63,Q51 V77 SR50 tier=Core
000810,삼성화재,보험,True,,50.83,59.06,50.0,28.38,70.53,55.03,55.03,0.0,B,value_quality,Satellite,True,False,YELLOW,3.0,,2026-07-28,64,Q51 V59 SR50 tier=Satellite
004000,롯데정밀화학,화학,True,,50.83,77.54,50.0,14.43,38.25,55.0,55.0,0.0,B,value_defensive,Core,False,False,YELLOW,4.0,,2026-07-28,65,Q51 V78 SR50 tier=Core
