date,ticker,name,foreign_net_value,institution_net_value,retail_net_value,program_net_value,foreign_5d_sum,institution_5d_sum,foreign_20d_sum,institution_20d_sum,foreign_5d_mcap_pct,institution_5d_mcap_pct,foreign_20d_mcap_pct,institution_20d_mcap_pct,flow_score,flow_signal,source,staleness_days
2026-07-02,000080,하이트진로,,,,,,,,,,,,,0.0,STALE,template,999.0
2026-07-02,000100,유한양행,,,,,,,,,,,,,0.0,STALE,template,999.0
2026-07-13,000120,CJ대한통운,0.0,0.0,0.0,0.0,-1945275400.0,1755962900.0,-8662774950.0,-4769064100.0,-0.11430687590889071,0.10318263075290823,-0.5090357597882011,-0.28023631938194743,20.0,DISTRIBUTION,cache_stale,2.0
2026-07-02,000150,두산,,,,,,,,,,,,,0.0,STALE,template,999.0
2026-07-13,000210,DL,0.0,0.0,0.0,0.0,4673886800.0,-745738850.0,16103330175.0,-11888614725.0,0.4972900348845109,-0.07934477547278959,1.7133546376182127,-1.264919302565,80.0,ACCUMULATION,cache_stale,2.0
2026-07-14,000270,기아,0.0,0.0,0.0,0.0,21224242750.0,182218350600.0,222151391400.0,78206992150.0,0.03828420134706596,0.3286847076558554,0.40071576159712263,0.14106944919007805,80.0,ACCUMULATION,cache_stale,2.0
2026-07-03,000370,한화손해보험,-90692235.0,-11339400.0,101388735.0,0.0,-3381218985.0,953124005.0,5964307965.0,4327987900.0,-0.4985187689069128,0.14052630358936255,0.8793631756132751,0.6381080933603048,20.0,DISTRIBUTION,cache_stale,1.0
2026-07-02,000400,롯데손해보험,,,,,,,,,,,,,0.0,STALE,template,999.0
2026-07-03,000430,대원강업,-32830751.0,-5319896.0,-117808738.0,-6988525.0,-783428274.0,-202465147.0,-2854886555.0,2367116.0,-0.3207091345996398,-0.08288240830194858,-1.168694348698215,0.0009690175208776813,20.0,DISTRIBUTION,cache_stale,2.0
2026-07-02,000500,가온전선,,,,,,,,,,,,,0.0,STALE,template,999.0
2026-07-02,000640,동아쏘시오홀딩스,,,,,,,,,,,,,0.0,STALE,template,999.0
2026-07-24,000660,SK하이닉스,-1756848409000.0,-867390667000.0,2568526186000.0,3593759500.0,701776842500.0,-3252142301500.0,-20495389941000.0,-1793547765500.0,0.05597898165403482,-0.259415248846686,-1.6348659403071266,-0.1430668146627532,20.0,DISTRIBUTION,auto_pykrx,0
2026-07-02,000720,현대건설,,,,,,,,,,,,,0.0,STALE,template,999.0
2026-07-03,000810,삼성화재,0.0,0.0,0.0,0.0,38008030500.0,-28382146000.0,128247124000.0,-40602503500.0,0.1393276372680022,-0.10404162727599053,0.47012088072641656,-0.14883830615271662,80.0,ACCUMULATION,cache_stale,1.0
2026-07-02,000880,한화,,,,,,,,,,,,,0.0,STALE,template,999.0
2026-07-13,000990,DB하이텍,0.0,0.0,0.0,0.0,261197319500.0,-244663908050.0,58660071700.0,57949369750.0,5.394342175414163,-5.052888140361516,1.2114691658775953,1.1967914903548416,80.0,ACCUMULATION,cache_stale,2.0
2026-07-13,001040,CJ,0.0,0.0,0.0,0.0,21259558600.0,-19865807700.0,-7598172650.0,-20115960750.0,0.5109684816601567,-0.4774700071816943,-0.18262028932069313,-0.48348237679604544,20.0,DISTRIBUTION,cache_stale,2.0
2026-07-02,001060,JW중외제약,,,,,,,,,,,,,0.0,STALE,template,999.0
2026-07-06,001120,LX인터내셔널,0.0,0.0,0.0,0.0,11596972350.0,-11281209950.0,41220059300.0,-49574054075.0,0.8585351306572617,-0.8351589333913736,3.051561039276392,-3.6700153891882206,80.0,ACCUMULATION,cache_stale,2.0
2026-07-13,001200,유진투자증권,0.0,0.0,0.0,0.0,803526773.0,527334345.0,-1917578750.0,2945455051.0,0.1963362076603608,0.12885049875788068,-0.46854710050226933,0.7197015631330989,20.0,DISTRIBUTION,cache_stale,2.0
2026-07-13,001250,GS글로벌,0.0,0.0,0.0,0.0,-1289825227.0,3206054.0,-5537046697.0,-388593682.0,-0.5953466404829123,0.001479823342071137,-2.55574327455448,-0.17936379150350198,20.0,DISTRIBUTION,cache_stale,2.0
2026-07-06,001340,PKC,-25016990.0,-1870950.0,20071690.0,174810.0,-311818605.0,-3583360.0,-6244038450.0,-655508545.0,-0.10820280876510215,-0.0012434460631895793,-2.166716441846999,-0.22746514993396677,20.0,DISTRIBUTION,cache_stale,2.0
2026-07-02,001430,세아베스틸지주,,,,,,,,,,,,,0.0,STALE,template,999.0
2026-07-02,001440,대한전선,,,,,,,,,,,,,0.0,STALE,template,999.0
2026-07-16,001450,현대해상,0.0,0.0,0.0,0.0,-19256913575.0,33078179600.0,-3782600975.0,60251691425.0,-0.6113455652229132,1.050126663618629,-0.12008551225344104,1.9127989647143222,20.0,DISTRIBUTION,auto_pykrx,0.0
2026-07-02,001510,SK증권,,,,,,,,,,,,,0.0,STALE,template,999.0
2026-07-02,001680,대상,,,,,,,,,,,,,0.0,STALE,template,999.0
2026-07-02,001720,신영증권,,,,,,,,,,,,,0.0,STALE,template,999.0
2026-07-02,001740,SK네트웍스,,,,,,,,,,,,,0.0,STALE,template,999.0
2026-07-16,001800,오리온홀딩스,0.0,0.0,0.0,0.0,539586025.0,1376845875.0,-7440537675.0,10190600075.0,0.034235426616464094,0.08735753657768248,-0.47208409735870915,0.6465688970454636,20.0,DISTRIBUTION,auto_pykrx,0.0
2026-07-02,001820,삼화콘덴서,,,,,,,,,,,,,0.0,STALE,template,999.0
2026-07-02,002020,코오롱,,,,,,,,,,,,,0.0,STALE,template,999.0
2026-07-14,002380,KCC,0.0,0.0,0.0,0.0,11760354250.0,-2086564000.0,55403597250.0,-46135619250.0,0.30755361591191793,-0.05456725957312342,1.448899948635909,-1.2065262849265777,80.0,ACCUMULATION,cache_stale,2.0
2026-07-02,002790,아모레퍼시픽홀딩스,,,,,,,,,,,,,0.0,STALE,template,999.0
2026-07-13,002900,TYM,0.0,0.0,0.0,0.0,415563995.0,-94653965.0,-1122609930.0,264266455.0,0.16701793106497223,-0.03804205752087905,-0.45118439074971667,0.10621044434798683,20.0,DISTRIBUTION,cache_stale,2.0
2026-07-03,002990,금호건설,0.0,0.0,0.0,0.0,-546863476.0,-1750911242.0,-1132465942.0,-2250526209.0,-0.08343927687912343,-0.26715034798193016,-0.17278926722602214,-0.3433805469145557,20.0,DISTRIBUTION,auto_pykrx,0.0
2026-07-02,003160,디아이,,,,,,,,,,,,,0.0,STALE,template,999.0
2026-07-02,003230,삼양식품,,,,,,,,,,,,,0.0,STALE,template,999.0
2026-07-13,003380,하림지주,0.0,0.0,0.0,0.0,2720332370.0,5572087065.0,6462264380.0,5674021390.0,0.24263199748205097,0.49698582042195405,0.5763825523924886,0.5060775509617537,80.0,ACCUMULATION,cache_stale,2.0
2026-07-02,003470,유안타증권,,,,,,,,,,,,,0.0,STALE,template,999.0
2026-07-14,003490,대한항공,0.0,0.0,0.0,0.0,-60704055250.0,130368427425.0,149457462550.0,292879911600.0,-0.617445016677879,1.3260289697976642,1.5201911153508683,2.9789977153540783,20.0,DISTRIBUTION,cache_stale,1.0
2026-07-02,003530,한화투자증권,,,,,,,,,,,,,0.0,STALE,template,999.0
2026-07-02,003540,대신증권,,,,,,,,,,,,,0.0,STALE,template,999.0
2026-07-13,003550,LG,0.0,0.0,0.0,0.0,38757639400.0,9075995950.0,312575458400.0,-165789758600.0,0.2457786677612351,0.057554748630985135,1.9821738611977842,-1.0513433384481299,80.0,ACCUMULATION,cache_stale,2.0
2026-07-02,003570,SNT다이내믹스,,,,,,,,,,,,,0.0,STALE,template,999.0
2026-07-13,003620,KG모빌리티,0.0,0.0,0.0,0.0,470229258.0,-958687010.0,-4752363182.0,-713176203.0,0.08224973789748478,-0.1676878968220718,-0.83125543437188,-0.12474458952418781,20.0,DISTRIBUTION,cache_stale,2.0
2026-07-02,003670,포스코퓨처엠,,,,,,,,,,,,,0.0,STALE,template,999.0
2026-07-16,003690,코리안리,0.0,0.0,0.0,0.0,-2276836735.0,7648144725.0,30542947310.0,-18988888010.0,-0.09370029432536424,0.3147495825059595,1.2569558056217378,-0.7814633206224951,65.0,MILD_ACCUMULATION,auto_pykrx,0.0
2026-07-02,004000,롯데정밀화학,,,,,,,,,,,,,0.0,STALE,template,999.0
2026-07-02,004020,현대제철,,,,,,,,,,,,,0.0,STALE,template,999.0
2026-07-02,004170,신세계,,,,,,,,,,,,,0.0,STALE,template,999.0
2026-07-02,004370,농심,,,,,,,,,,,,,0.0,STALE,template,999.0
2026-07-02,004490,세방전지,,,,,,,,,,,,,0.0,STALE,template,999.0
2026-07-02,004710,한솔테크닉스,,,,,,,,,,,,,0.0,STALE,template,999.0
2026-07-16,004800,효성,0.0,0.0,0.0,0.0,5068107050.0,-3280923650.0,12812570000.0,-2178586200.0,0.2135027809371087,-0.13821458710453424,0.5397516861746973,-0.0917767141898094,80.0,ACCUMULATION,auto_pykrx,0.0
2026-07-02,004990,롯데지주,,,,,,,,,,,,,0.0,STALE,template,999.0
2026-07-02,005070,코스모신소재,,,,,,,,,,,,,0.0,STALE,template,999.0
2026-07-02,005090,SGC에너지,,,,,,,,,,,,,0.0,STALE,template,999.0
2026-07-02,005180,빙그레,,,,,,,,,,,,,0.0,STALE,template,999.0
2026-07-02,005300,롯데칠성,,,,,,,,,,,,,0.0,STALE,template,999.0
2026-07-08,005380,현대차,0.0,0.0,0.0,0.0,-61631276750.0,120208135500.0,-1444409718750.0,-730071864250.0,-0.06142776328997774,0.11981119461432495,-1.4396401141749564,-0.7276610842208743,20.0,DISTRIBUTION,auto_pykrx,0.0
2026-07-24,005440,현대지에프홀딩스,-1109040150.0,810164490.0,286549530.0,0.0,-656412340.0,693734925.0,-2702528040.0,16642869240.0,-0.029217829448053092,0.03087910979980648,-0.12029329514326498,0.7407973393379061,80.0,ACCUMULATION,auto_pykrx,0
2026-07-02,005490,POSCO홀딩스,,,,,,,,,,,,,0.0,STALE,template,999.0
2026-07-03,005500,삼진제약,275300870.0,-7379260.0,-262416050.0,-5505560.0,257513635.0,-4345065.0,1292945570.0,-944794560.0,0.10506986674174174,-0.0017728591363102232,0.5275434007376942,-0.38549197023110066,80.0,ACCUMULATION,cache_stale,2.0
2026-07-02,005690,파미셀,,,,,,,,,,,,,0.0,STALE,template,999.0
2026-07-02,005810,풍산홀딩스,,,,,,,,,,,,,0.0,STALE,template,999.0
2026-07-24,005830,DB손해보험,-5325889250.0,9033351600.0,-3266175250.0,-48151000.0,-78819493250.0,97068730450.0,-142310564100.0,153260899100.0,-0.716703174669801,0.8826429149198086,-1.2940254862590126,1.3935965382233417,20.0,DISTRIBUTION,auto_pykrx,0
2026-07-16,005850,에스엘,0.0,0.0,0.0,0.0,925913300.0,-1436621650.0,20360973650.0,-16693386500.0,0.0371213837025019,-0.05759651957150997,0.8163048477845394,-0.6692652601066051,80.0,ACCUMULATION,auto_pykrx,0.0
2026-07-02,005880,대한해운,,,,,,,,,,,,,0.0,STALE,template,999.0
2026-07-02,005930,삼성전자,,,,,,,,,,,,,0.0,STALE,template,999.0
2026-07-14,005940,NH투자증권,0.0,0.0,0.0,0.0,5052868350.0,27306003875.0,32780796975.0,8636882975.0,0.04539225862740034,0.24530249041117325,0.29448509464955736,0.0775891233611481,80.0,ACCUMULATION,cache_stale,1.0
2026-07-24,006040,동원산업,417972250.0,445909225.0,-901127675.0,91672400.0,235221925.0,1759389050.0,1437664725.0,7847293750.0,0.015160449689851696,0.11339559089740879,0.09265991567000813,0.5057713140404011,80.0,ACCUMULATION,auto_pykrx,0
2026-07-02,006110,삼아알미늄,,,,,,,,,,,,,0.0,STALE,template,999.0
2026-07-02,006120,SK디스커버리,,,,,,,,,,,,,0.0,STALE,template,999.0
2026-07-13,006260,LS,0.0,0.0,0.0,0.0,-88619545750.0,102623392750.0,-45855359250.0,163948355500.0,-0.8780123820988387,1.0167577453136765,-0.4543193362858162,1.624344662743233,20.0,DISTRIBUTION,cache_stale,2.0
2026-07-02,006280,녹십자,,,,,,,,,,,,,0.0,STALE,template,999.0
2026-07-02,006340,대원전선,,,,,,,,,,,,,0.0,STALE,template,999.0
2026-07-13,006360,GS건설,0.0,0.0,0.0,0.0,30588013600.0,62109990850.0,75777963350.0,5278331225.0,1.2388696501068601,2.515566510421578,3.069144017289994,0.2137819226634535,80.0,ACCUMULATION,cache_stale,2.0
2026-07-02,006400,삼성SDI,,,,,,,,,,,,,0.0,STALE,template,999.0
2026-07-02,006800,미래에셋증권,,,,,,,,,,,,,0.0,STALE,template,999.0
2026-07-13,007070,GS리테일,0.0,0.0,0.0,0.0,-8832909350.0,13600386350.0,-19482417275.0,29269246025.0,-0.4613425322409303,0.7103476815556795,-1.0175659416025757,1.528731649210946,20.0,DISTRIBUTION,cache_stale,2.0
2026-07-02,007310,오뚜기,,,,,,,,,,,,,0.0,STALE,template,999.0
2026-07-16,007340,DN오토모티브,0.0,0.0,0.0,0.0,-9754100.0,4614582900.0,-4403339175.0,15050695750.0,-0.0003780176654296456,0.1788369869890163,-0.17065029013731678,0.5832858870123219,80.0,ACCUMULATION,auto_pykrx,0.0
2026-07-02,007660,이수페타시스,,,,,,,,,,,,,0.0,STALE,template,999.0
2026-07-02,007810,코리아써키트,,,,,,,,,,,,,0.0,STALE,template,999.0
2026-07-02,008060,대덕,,,,,,,,,,,,,0.0,STALE,template,999.0
2026-07-02,008770,호텔신라,,,,,,,,,,,,,0.0,STALE,template,999.0
2026-07-02,008930,한미사이언스,,,,,,,,,,,,,0.0,STALE,template,999.0
2026-07-02,009150,삼성전기,,,,,,,,,,,,,0.0,STALE,template,999.0
2026-07-02,009240,한샘,,,,,,,,,,,,,0.0,STALE,template,999.0
2026-07-02,009420,한올바이오파마,,,,,,,,,,,,,0.0,STALE,template,999.0
2026-07-02,009450,경동나비엔,,,,,,,,,,,,,0.0,STALE,template,999.0
2026-07-13,009540,HD한국조선해양,0.0,0.0,0.0,0.0,16779435250.0,-522655250.0,-85577430250.0,143960835000.0,0.06773934267840993,-0.002109982997337173,-0.3454799751524697,0.581176433475914,20.0,DISTRIBUTION,cache_stale,2.0
2026-07-02,009830,한화솔루션,,,,,,,,,,,,,0.0,STALE,template,999.0
2026-07-02,009970,영원무역홀딩스,,,,,,,,,,,,,0.0,STALE,template,999.0
2026-07-06,010060,OCI홀딩스,0.0,0.0,0.0,0.0,13822700000.0,-11568504850.0,37883302250.0,-30945868350.0,0.3130487851510787,-0.2619970330909925,0.8579598592802874,-0.7008447331138429,80.0,ACCUMULATION,cache_stale,2.0
2026-07-13,010120,LS ELECTRIC,0.0,0.0,0.0,0.0,-148339164850.0,41136967850.0,-23938959700.0,-223256448500.0,-0.5172216347629011,0.1434343369944212,-0.0834691760808926,-0.778439499651325,20.0,DISTRIBUTION,cache_stale,2.0
2026-07-02,010140,삼성중공업,,,,,,,,,,,,,0.0,STALE,template,999.0
2026-07-03,010690,화신,218509705.0,-491930.0,-219520170.0,1806045.0,9036785.0,36967180.0,-2448321945.0,-13014635170.0,0.002156519401309053,0.008821770229310978,-0.5842624091469717,-3.1057852151029537,20.0,DISTRIBUTION,cache_stale,2.0
2026-07-02,010780,아이에스동서,,,,,,,,,,,,,0.0,STALE,template,999.0
2026-07-02,010950,S-Oil,,,,,,,,,,,,,0.0,STALE,template,999.0
2026-07-13,011070,LG이노텍,0.0,0.0,0.0,0.0,461945532000.0,-388216788500.0,470773615500.0,-401688575500.0,2.4276694206984617,-2.0402016271546324,2.474063782959168,-2.111000115453601,80.0,ACCUMULATION,cache_stale,2.0
2026-07-02,011170,롯데케미칼,,,,,,,,,,,,,0.0,STALE,template,999.0
2026-07-13,011200,HMM,0.0,0.0,0.0,0.0,6273163065.0,28464754650.0,2262238045.0,30824428365.0,0.03417609717633012,0.155075551350871,0.01232463853733907,0.16793101793968218,80.0,ACCUMULATION,cache_stale,2.0
2026-07-02,011210,현대위아,,,,,,,,,,,,,0.0,STALE,template,999.0
2026-07-02,011780,금호석유화학,,,,,,,,,,,,,0.0,STALE,template,999.0
2026-07-02,011790,SKC,,,,,,,,,,,,,0.0,STALE,template,999.0
2026-07-13,012030,DB,0.0,0.0,0.0,0.0,-973720857.0,553508229.0,1371310876.0,-79769477.0,-0.26919877463145503,0.15302510562863172,0.3791181063896911,-0.02205338964141346,20.0,DISTRIBUTION,cache_stale,2.0
2026-07-02,012330,현대모비스,,,,,,,,,,,,,0.0,STALE,template,999.0
2026-07-02,012450,한화에어로스페이스,,,,,,,,,,,,,0.0,STALE,template,999.0
2026-07-02,012510,더존비즈온,,,,,,,,,,,,,0.0,STALE,template,999.0
2026-07-13,012630,HDC,0.0,0.0,0.0,0.0,1383939835.0,82340230.0,2472343715.0,-3124541650.0,0.11819072847784556,0.007031990495983774,0.21114220238011502,-0.26684097417635905,80.0,ACCUMULATION,cache_stale,2.0
2026-07-02,0126Z0,삼성에피스홀딩스,,,,,,,,,,,,,0.0,STALE,template,999.0
2026-07-02,012750,에스원,,,,,,,,,,,,,0.0,STALE,template,999.0
2026-07-06,013120,동원개발,223950228.0,-54894092.0,-233547236.0,143199685.0,-399525083.0,-325400216.0,-1141804497.0,-453259049.0,-0.1442512622682374,-0.1174879723392914,-0.41225631872479923,-0.1636522780041594,20.0,DISTRIBUTION,cache_stale,1.0
2026-07-02,014680,한솔케미칼,,,,,,,,,,,,,0.0,STALE,template,999.0
2026-07-13,015760,한국전력,0.0,0.0,0.0,0.0,-52622897650.0,92813586125.0,-80803903425.0,145127772375.0,-0.22035407798207102,0.38864929732321407,-0.3383597337226485,0.6077106715784397,20.0,DISTRIBUTION,cache_stale,2.0
2026-07-03,015860,일진홀딩스,-10667610.0,-58206340.0,75303070.0,-6429120.0,-658187260.0,-47812025.0,-1450515840.0,-1995508830.0,-0.2093847430292597,-0.015210122068199165,-0.4614429735669311,-0.6348179750276064,20.0,DISTRIBUTION,cache_stale,2.0
2026-07-14,016360,삼성증권,0.0,0.0,0.0,0.0,-10814572700.0,51936046850.0,-25147671150.0,30652774850.0,-0.1168955961640732,0.5613809558038282,-0.271823223419388,0.3313283371957784,20.0,DISTRIBUTION,cache_stale,2.0
2026-07-06,017510,세명전기,20912370.0,36990.0,-22525260.0,123200.0,-1179316975.0,75499780.0,-800014630.0,43081380.0,-0.984129132940722,0.06300386970060808,-0.6676048262273107,0.03595101405649636,20.0,DISTRIBUTION,cache_stale,1.0
2026-07-02,017670,SK텔레콤,,,,,,,,,,,,,0.0,STALE,template,999.0
2026-07-02,017800,현대엘리베이터,,,,,,,,,,,,,0.0,STALE,template,999.0
2026-07-02,017960,한국카본,,,,,,,,,,,,,0.0,STALE,template,999.0
2026-07-02,018260,삼성에스디에스,,,,,,,,,,,,,0.0,STALE,template,999.0
2026-07-02,018670,SK가스,,,,,,,,,,,,,0.0,STALE,template,999.0
2026-07-02,018880,한온시스템,,,,,,,,,,,,,0.0,STALE,template,999.0
2026-07-13,020000,한섬,0.0,0.0,0.0,0.0,-1029739950.0,2359605325.0,6981241110.0,-3868299880.0,-0.23794633272690613,0.5452439072278681,1.6131846880436322,-0.8938642910124358,20.0,DISTRIBUTION,cache_stale,2.0
2026-07-02,020150,롯데에너지머티리얼즈,,,,,,,,,,,,,0.0,STALE,template,999.0
2026-07-02,020560,아시아나항공,,,,,,,,,,,,,0.0,STALE,template,999.0
2026-07-24,021240,코웨이,3264077300.0,-2906252600.0,-301526350.0,0.0,17807589900.0,7617478950.0,26159674200.0,11773071550.0,0.27411264157652665,0.11725602896650751,0.40267646761919823,0.18122316159358282,80.0,ACCUMULATION,auto_pykrx,0
2026-07-02,022100,포스코DX,,,,,,,,,,,,,0.0,STALE,template,999.0
2026-07-06,023160,태광,144180700.0,-992596850.0,830879300.0,16916400.0,2122162175.0,-2664961325.0,15504353000.0,-13211532050.0,0.3418355306620371,-0.42926901603322587,2.4974239941518825,-2.128098937193742,80.0,ACCUMULATION,cache_stale,1.0
2026-07-03,023410,유진기업,-654250777.0,-2622377.0,660958109.0,-4062150.0,-2081189582.0,92814047.0,-2001969287.0,136784813.0,-0.7365186369267215,0.032846250997662675,-0.7084831209915218,0.048407201772662195,20.0,DISTRIBUTION,cache_stale,2.0
2026-07-02,023530,롯데쇼핑,,,,,,,,,,,,,0.0,STALE,template,999.0
2026-07-08,023590,다우기술,0.0,0.0,0.0,0.0,-1883161525.0,948357325.0,-1931528525.0,-2929400550.0,-0.12254584789447484,0.06171390555521309,-0.12569330760328132,-0.19062935890339572,20.0,DISTRIBUTION,auto_pykrx,0.0
2026-07-16,024110,기업은행,0.0,0.0,0.0,0.0,22078955675.0,-1825184850.0,9845697225.0,62178131510.0,0.12998959894128242,-0.010745754923266076,0.05796642977204796,0.36607303791343,80.0,ACCUMULATION,auto_pykrx,0.0
2026-07-06,025540,한국단자,0.0,0.0,0.0,0.0,1008400850.0,-1682055000.0,802937400.0,-1744031550.0,0.15243671024804956,-0.2542708394744838,0.12137746193998375,-0.2636396350229245,80.0,ACCUMULATION,auto_pykrx,0.0
2026-07-02,026960,동서,,,,,,,,,,,,,0.0,STALE,template,999.0
2026-07-02,028050,삼성E&A,,,,,,,,,,,,,0.0,STALE,template,999.0
2026-07-02,028260,삼성물산,,,,,,,,,,,,,0.0,STALE,template,999.0
2026-07-14,028670,팬오션,0.0,0.0,0.0,0.0,-455658983.0,13278048336.0,10890696318.0,12820955347.0,-0.016392017414565908,0.47766862429037177,0.3917852832090547,0.46122501949971634,80.0,ACCUMULATION,cache_stale,1.0
2026-07-02,029780,삼성카드,,,,,,,,,,,,,0.0,STALE,template,999.0
2026-07-02,030000,제일기획,,,,,,,,,,,,,0.0,STALE,template,999.0
2026-07-03,030190,NICE평가정보,0.0,0.0,0.0,0.0,-1345727200.0,1362207590.0,-4739500.0,1464530910.0,-0.16481378011864228,0.16683216495453582,-0.0005804556160210666,0.17936389736173503,20.0,DISTRIBUTION,auto_pykrx,0.0
2026-07-24,030200,KT,-117743200.0,6267753350.0,-6033697350.0,-15153650.0,-1279379150.0,20191543100.0,-3432786400.0,81040696900.0,-0.009383483458514585,0.14809293295168544,-0.02517744204367707,0.5943852053768769,80.0,ACCUMULATION,auto_pykrx,0
2026-07-02,031210,서울보증보험,,,,,,,,,,,,,0.0,STALE,template,999.0
2026-07-02,032350,롯데관광개발,,,,,,,,,,,,,0.0,STALE,template,999.0
2026-07-13,032640,LG유플러스,0.0,0.0,0.0,0.0,-8163631790.0,21198009240.0,5819514130.0,27157185225.0,-0.12814420264555537,0.3327443056729185,0.0913486812189251,0.4262852534601248,20.0,DISTRIBUTION,cache_stale,2.0
2026-07-02,032830,삼성생명,,,,,,,,,,,,,0.0,STALE,template,999.0
2026-07-02,033240,자화전자,,,,,,,,,,,,,0.0,STALE,template,999.0
2026-07-13,033780,KT&G,0.0,0.0,0.0,0.0,2306645400.0,16947471450.0,11055376550.0,9223402050.0,0.012062855100061871,0.08862866065750093,0.05781530416390483,0.048234792594806127,65.0,MILD_ACCUMULATION,cache_stale,2.0
2026-07-02,034020,두산에너빌리티,,,,,,,,,,,,,0.0,STALE,template,999.0
2026-07-13,034220,LG디스플레이,0.0,0.0,0.0,0.0,-40381499745.0,12422084950.0,-41389628625.0,-13646419060.0,-0.6932446308154506,0.21325467725321887,-0.7105515643776824,-0.234273288583691,20.0,DISTRIBUTION,cache_stale,2.0
2026-07-02,034230,파라다이스,,,,,,,,,,,,,0.0,STALE,template,999.0
2026-07-02,034730,SK,,,,,,,,,,,,,0.0,STALE,template,999.0
2026-07-02,035250,강원랜드,,,,,,,,,,,,,0.0,STALE,template,999.0
2026-07-06,035420,NAVER,0.0,0.0,0.0,0.0,-30234886500.0,-12835412000.0,-631761137500.0,880184865100.0,-0.09738089030857995,-0.041340451138701335,-2.0347839583294345,2.8349101227674636,20.0,DISTRIBUTION,cache_stale,2.0
2026-07-02,035720,카카오,,,,,,,,,,,,,0.0,STALE,template,999.0
2026-07-07,035760,CJ ENM,0.0,0.0,0.0,0.0,-581737275.0,-163243700.0,-6030806050.0,231798225.0,-0.08063231277664971,-0.02262656639497198,-0.835906276968261,0.03212863913400121,20.0,DISTRIBUTION,auto_pykrx,0.0
2026-07-03,035890,서희건설,-120045280.0,-3258755.0,-88246977.0,780607.0,-1657129848.0,1049181152.0,-2219826194.0,-26120021.0,-0.31906715059455854,0.20201147244446735,-0.4274098492580792,-0.005029201956623034,20.0,DISTRIBUTION,cache_stale,2.0
2026-07-02,036460,한국가스공사,,,,,,,,,,,,,0.0,STALE,template,999.0
2026-07-24,036530,SNT홀딩스,80082400.0,48567025.0,-182515625.0,0.0,381788075.0,215461150.0,-1137480900.0,968572600.0,0.04745085827954726,0.02677877378280679,-0.14137278903117093,0.1203798761290609,80.0,ACCUMULATION,auto_pykrx,0
2026-07-06,036570,NC,0.0,0.0,0.0,0.0,14051638000.0,27849625500.0,14772169250.0,61472601500.0,0.2547769907471316,0.5049549225737655,0.26784128856168316,1.1145892331959883,80.0,ACCUMULATION,cache_stale,2.0
2026-07-03,036830,솔브레인홀딩스,-281923450.0,221030875.0,73733175.0,417100.0,-1164901475.0,646140325.0,503011850.0,-5044499100.0,-0.1552279489188244,0.08610087592471509,0.06702841350369428,-0.6722004095804375,20.0,DISTRIBUTION,cache_stale,1.0
2026-07-03,037350,성도이엔지,-268214975.0,-27367275.0,308736640.0,1097840.0,-3146008355.0,-238874670.0,-5807308240.0,-187394035.0,-2.130156088025453,-0.1617415706372373,-3.9321170214998937,-0.1268841336293606,20.0,DISTRIBUTION,cache_stale,2.0
2026-07-14,037460,삼지전자,0.0,0.0,0.0,0.0,-4390210875.0,1988159450.0,-1459430900.0,6616626350.0,-0.793605852142867,0.35939389232940755,-0.2638171459219784,1.1960686040628283,20.0,DISTRIBUTION,auto_pykrx,0.0
2026-07-03,037710,광주신세계,898045500.0,-125648400.0,-851208050.0,46975100.0,-6264501550.0,-2219537000.0,-4656897500.0,-1854794775.0,-2.0180344300935786,-0.7149973623785936,-1.5001639663440918,-0.5975000064781966,20.0,DISTRIBUTION,cache_stale,2.0
2026-07-02,039130,하나투어,,,,,,,,,,,,,0.0,STALE,template,999.0
2026-07-14,039490,키움증권,0.0,0.0,0.0,0.0,-15620494000.0,27181203250.0,-109247250750.0,115547544000.0,-0.1866954242533947,0.3248684883126296,-1.3057181051564848,1.3810189196652674,20.0,DISTRIBUTION,cache_stale,1.0
2026-07-06,039830,오로라,0.0,0.0,0.0,0.0,878811500.0,-107530280.0,2490038045.0,-362397645.0,0.4002549045659597,-0.04897469134092001,1.134088413803283,-0.16505409273138044,80.0,ACCUMULATION,auto_pykrx,0.0
2026-07-03,041190,우리기술투자,13579460.0,-16261977.0,-48063103.0,9225850.0,1510880300.0,1249576883.0,4606482775.0,2074827443.0,0.3704772448629297,0.3064040221176009,1.1295382215192977,0.5087605911921926,80.0,ACCUMULATION,cache_stale,2.0
2026-07-08,041510,에스엠,0.0,0.0,0.0,0.0,-15797631600.0,28095836200.0,13108540150.0,-3281599150.0,-0.8414791547840963,1.4965572749859806,0.6982415823569016,-0.17479818171492295,20.0,DISTRIBUTION,auto_pykrx,0.0
2026-07-02,042660,한화오션,,,,,,,,,,,,,0.0,STALE,template,999.0
2026-07-02,042700,한미반도체,,,,,,,,,,,,,0.0,STALE,template,999.0
2026-07-02,047040,대우건설,,,,,,,,,,,,,0.0,STALE,template,999.0
2026-07-02,047050,포스코인터내셔널,,,,,,,,,,,,,0.0,STALE,template,999.0
2026-07-02,047810,한국항공우주,,,,,,,,,,,,,0.0,STALE,template,999.0
2026-07-02,051600,한전KPS,,,,,,,,,,,,,0.0,STALE,template,999.0
2026-07-13,051900,LG생활건강,0.0,0.0,0.0,0.0,11937156750.0,15843897250.0,29999002500.0,10656334250.0,0.3132067489261393,0.4157116851123111,0.7871128980569118,0.2796005678582355,80.0,ACCUMULATION,cache_stale,2.0
2026-07-13,051910,LG화학,0.0,0.0,0.0,0.0,42476112000.0,-52461444000.0,179893392000.0,-165380289500.0,0.23187279575967382,-0.2863817123815279,0.9820198172029242,-0.9027942597455535,80.0,ACCUMULATION,cache_stale,2.0
2026-07-06,052400,코나아이,0.0,0.0,0.0,0.0,-2280141725.0,2150642400.0,-14131373200.0,7639157750.0,-0.33276886590868227,0.31386945143645695,-2.0623634846629306,1.114875375110738,20.0,DISTRIBUTION,cache_stale,1.0
2026-07-02,052690,한전기술,,,,,,,,,,,,,0.0,STALE,template,999.0
2026-07-14,055550,신한지주,0.0,0.0,0.0,0.0,-130548005100.0,276365655750.0,-71444955250.0,318052033650.0,-0.2500345817666756,0.5293146463417255,-0.13683632692501865,0.6091552847000828,20.0,DISTRIBUTION,cache_stale,1.0
2026-07-02,062040,산일전기,,,,,,,,,,,,,0.0,STALE,template,999.0
2026-07-02,064350,현대로템,,,,,,,,,,,,,0.0,STALE,template,999.0
2026-07-13,064400,LG씨엔에스,0.0,0.0,0.0,0.0,37161709050.0,4530733450.0,135973084600.0,-19142022300.0,0.5211431952297866,0.06353746819584108,1.9068403898849773,-0.26844122403411985,80.0,ACCUMULATION,cache_stale,2.0
2026-07-02,064960,SNT모티브,,,,,,,,,,,,,0.0,STALE,template,999.0
2026-07-13,066570,LG전자,0.0,0.0,0.0,0.0,57229341850.0,86353850150.0,-812861459800.0,-49755556950.0,0.18017893397594337,0.27187355579811473,-2.5591856652968503,-0.15664872110756836,20.0,DISTRIBUTION,cache_stale,2.0
2026-07-02,066970,엘앤에프,,,,,,,,,,,,,0.0,STALE,template,999.0
2026-07-02,068270,셀트리온,,,,,,,,,,,,,0.0,STALE,template,999.0
2026-07-02,069260,TKG휴켐스,,,,,,,,,,,,,0.0,STALE,template,999.0
2026-07-02,069620,대웅제약,,,,,,,,,,,,,0.0,STALE,template,999.0
2026-07-02,069960,현대백화점,,,,,,,,,,,,,0.0,STALE,template,999.0
2026-07-14,071050,한국금융지주,0.0,0.0,0.0,0.0,4829306000.0,74959264250.0,-11564699200.0,149529034250.0,0.040028472314042836,0.6213118062330584,-0.09585585211362324,1.2393952273104434,80.0,ACCUMULATION,cache_stale,2.0
2026-07-13,071970,HD현대마린엔진,0.0,0.0,0.0,0.0,-23855953550.0,27491197100.0,-34018948850.0,30261640350.0,-1.1859519751893988,1.3666709835233593,-1.6911853679613083,1.5043981398745518,20.0,DISTRIBUTION,cache_stale,2.0
2026-07-02,073240,금호타이어,,,,,,,,,,,,,0.0,STALE,template,999.0
2026-07-02,075580,세진중공업,,,,,,,,,,,,,0.0,STALE,template,999.0
2026-07-02,077970,STX엔진,,,,,,,,,,,,,0.0,STALE,template,999.0
2026-07-06,078150,HB테크놀러지,-7057012.0,-7220.0,-15275118.0,1289350.0,1034526178.0,3875829.0,-4930646365.0,23588641.0,0.5313343539995153,0.0019906321770502243,-2.5323881182128325,0.012115164984700352,20.0,DISTRIBUTION,cache_stale,1.0
2026-07-14,078930,GS,0.0,0.0,0.0,0.0,-41166496100.0,68813534300.0,-9684719200.0,45039753950.0,-0.5511796839783719,0.9213468641288821,-0.12966905065489095,0.6030388714240031,20.0,DISTRIBUTION,cache_stale,2.0
2026-07-13,079160,CJ CGV,0.0,0.0,0.0,0.0,494386740.0,442520431.0,-3944289701.0,762127890.0,0.06755075156470489,0.060463975422939395,-0.538929773261061,0.10413368238380083,20.0,DISTRIBUTION,cache_stale,2.0
2026-07-13,079550,LIG디펜스앤에어로스페이스,0.0,0.0,0.0,0.0,-44781673000.0,23302545500.0,158139245000.0,100170043500.0,-0.2667798939592517,0.13882131240319312,0.9420901048492792,0.5967475485523651,20.0,DISTRIBUTION,cache_stale,2.0
2026-07-02,079900,전진건설로봇,,,,,,,,,,,,,0.0,STALE,template,999.0
2026-07-03,081660,미스토홀딩스,0.0,0.0,0.0,0.0,-2099708675.0,6151789475.0,-23856965175.0,31037130050.0,-0.08597524734661592,0.25189285924983545,-0.9768538399072084,1.2708548403639068,20.0,DISTRIBUTION,cache_stale,1.0
2026-07-02,082740,한화엔진,,,,,,,,,,,,,0.0,STALE,template,999.0
2026-07-02,085620,미래에셋생명,,,,,,,,,,,,,0.0,STALE,template,999.0
2026-07-07,086280,현대글로비스,0.0,0.0,0.0,0.0,50941528700.0,-14375661900.0,46715153550.0,-66779553400.0,0.3599472086203851,-0.10157683730789614,0.3300841091679915,-0.47185693976329274,80.0,ACCUMULATION,cache_stale,2.0
2026-07-14,086790,하나금융지주,0.0,0.0,0.0,0.0,-82993605000.0,168366201450.0,11315544850.0,145514757450.0,-0.22160467572222017,0.44956159543749485,0.030214106823103885,0.38854500461215985,20.0,DISTRIBUTION,cache_stale,1.0
2026-07-14,088350,한화생명,0.0,0.0,0.0,0.0,6135566389.0,5079927821.0,31762004232.0,6532629376.0,0.15715931946793557,0.13011969045366528,0.8135671026212101,0.1673298799128037,80.0,ACCUMULATION,cache_stale,1.0
2026-07-02,090430,아모레퍼시픽,,,,,,,,,,,,,0.0,STALE,template,999.0
2026-07-02,090460,비에이치,,,,,,,,,,,,,0.0,STALE,template,999.0
2026-07-15,091590,남화토건,0.0,0.0,0.0,0.0,994559210.0,1070770.0,256490169.0,869431.0,0.8362826778287711,0.0009003651003731726,0.21567170985031053,0.0007310676705385357,80.0,ACCUMULATION,auto_pykrx,0.0
2026-07-07,092730,네오팜,0.0,0.0,0.0,0.0,663430780.0,-225346065.0,379160420.0,-1393510240.0,0.20841901399143203,-0.07079322529194251,0.11911452296647625,-0.4377759352795838,80.0,ACCUMULATION,cache_stale,1.0
2026-07-02,093370,후성,,,,,,,,,,,,,0.0,STALE,template,999.0
2026-07-02,096770,SK이노베이션,,,,,,,,,,,,,0.0,STALE,template,999.0
2026-07-13,097230,HJ중공업,0.0,0.0,0.0,0.0,-460779785.0,2364353005.0,-46554120815.0,59321654505.0,-0.025540687127014322,0.1310543611597916,-2.580460933652157,3.288156006169075,20.0,DISTRIBUTION,cache_stale,2.0
2026-07-13,097950,CJ제일제당,0.0,0.0,0.0,0.0,2690846500.0,15241869100.0,-25916958250.0,-3888710600.0,0.0944736107729821,0.535130639672736,-0.9099250463116819,-0.1365297246175765,20.0,DISTRIBUTION,cache_stale,2.0
2026-07-02,100090,SK오션플랜트,,,,,,,,,,,,,0.0,STALE,template,999.0
2026-07-02,100840,SNT에너지,,,,,,,,,,,,,0.0,STALE,template,999.0
2026-07-02,103140,풍산,,,,,,,,,,,,,0.0,STALE,template,999.0
2026-07-02,103590,일진전기,,,,,,,,,,,,,0.0,STALE,template,999.0
2026-07-14,105560,KB금융,0.0,0.0,0.0,0.0,-388805629700.0,569999368200.0,-337898390700.0,555653562750.0,-0.5993391801744817,0.8786471386758332,-0.5208662863772693,0.8565332529175952,20.0,DISTRIBUTION,cache_stale,1.0
2026-07-06,108320,LX세미콘,0.0,0.0,0.0,0.0,267491450.0,140495000.0,8993446725.0,-27386609775.0,0.03920509976891923,0.02059176280974329,1.318131761295865,-4.0139405149635,80.0,ACCUMULATION,cache_stale,2.0
2026-07-02,111770,영원무역,,,,,,,,,,,,,0.0,STALE,template,999.0
2026-07-02,112610,씨에스윈드,,,,,,,,,,,,,0.0,STALE,template,999.0
2026-07-13,114090,GKL,0.0,0.0,0.0,0.0,-2449939335.0,1496510475.0,2245414825.0,-7903198195.0,-0.36403816772529646,0.2223675188678552,0.3336477303737879,-1.1743416455157534,20.0,DISTRIBUTION,cache_stale,2.0
2026-07-06,114810,한솔아이원스,-20010130.0,-789994095.0,794250885.0,8242990.0,-3090497315.0,580685560.0,-4419617865.0,2536964405.0,-0.8792104806242205,0.16519827660783604,-1.257329792328922,0.7217368166024728,20.0,DISTRIBUTION,auto_pykrx,0.0
2026-07-02,120110,코오롱인더,,,,,,,,,,,,,0.0,STALE,template,999.0
2026-07-03,121440,골프존홀딩스,-4211740195.0,7769128845.0,-3172512520.0,-6630.0,-2243311633.0,32136305510.0,-1895494400.0,32141344995.0,-0.7886863527071502,11.298236593312666,-0.6664034291631687,11.300008336919621,20.0,DISTRIBUTION,cache_stale,2.0
2026-07-06,123330,제닉,0.0,0.0,0.0,0.0,-615157025.0,7701448075.0,-3139652290.0,9178461280.0,-0.2997936070200271,3.753261043685056,-1.5300933689374483,4.473075819990603,20.0,DISTRIBUTION,auto_pykrx,0.0
2026-07-07,123890,한국자산신탁,0.0,0.0,0.0,0.0,352729613.0,31461605.0,-176504717.0,1946284391.0,0.13564197173640327,0.012098542279725982,-0.06787478837127252,0.7484425538011884,80.0,ACCUMULATION,auto_pykrx,0.0
2026-07-02,128940,한미약품,,,,,,,,,,,,,0.0,STALE,template,999.0
2026-07-14,138930,BNK금융지주,0.0,0.0,0.0,0.0,-9884556730.0,25038280540.0,-74282444275.0,113233051750.0,-0.1730150173245329,0.43825926237611,-1.3002078630538423,1.9819824950547862,20.0,DISTRIBUTION,cache_stale,2.0
2026-07-14,139130,iM금융지주,0.0,0.0,0.0,0.0,3272628685.0,6105790750.0,24197585145.0,-11754721830.0,0.11194641669845314,0.2088600514644272,0.8277238912420245,-0.4020923590222652,80.0,ACCUMULATION,cache_stale,2.0
2026-07-02,139480,이마트,,,,,,,,,,,,,0.0,STALE,template,999.0
2026-07-14,161390,한국타이어앤테크놀로지,0.0,0.0,0.0,0.0,2672634600.0,21232526800.0,39299183950.0,2139045250.0,0.031313849156876884,0.24877031130052188,0.46044779866228513,0.02506206433840002,80.0,ACCUMULATION,cache_stale,2.0
2026-07-02,161890,한국콜마,,,,,,,,,,,,,0.0,STALE,template,999.0
2026-07-16,175330,JB금융지주,0.0,0.0,0.0,0.0,-14124134125.0,23364626200.0,-54044586775.0,80626790075.0,-0.2733230328737494,0.4521403180136869,-1.0458432521966388,1.5602484795983287,20.0,DISTRIBUTION,auto_pykrx,0.0
2026-07-06,178920,PI첨단소재,-91740665.0,-12482470.0,91473295.0,12749840.0,2161113740.0,-805862280.0,14783058435.0,-8201382915.0,0.3688800499366089,-0.1375524631519068,2.5233171363385103,-1.399892325535097,80.0,ACCUMULATION,cache_stale,2.0
2026-07-02,180640,한진칼,,,,,,,,,,,,,0.0,STALE,template,999.0
2026-07-06,181710,NHN,0.0,0.0,0.0,0.0,3064283500.0,-2328403075.0,-11663250300.0,11644383950.0,0.26465895675839457,-0.2011017351176998,-1.0073427138220183,1.005713246930708,20.0,DISTRIBUTION,cache_stale,2.0
2026-07-02,185750,종근당,,,,,,,,,,,,,0.0,STALE,template,999.0
2026-07-08,192080,더블유게임즈,0.0,0.0,0.0,0.0,97948650.0,2363356450.0,13605824250.0,-2479154700.0,0.007509754599544047,0.18119930158046682,1.0431629352933953,-0.19007759077135053,80.0,ACCUMULATION,auto_pykrx,0.0
2026-07-24,192400,쿠쿠홀딩스,432917250.0,-226163925.0,-206753325.0,0.0,296068750.0,186178475.0,-97709900.0,853068950.0,0.03195923723758052,0.02009709586390308,-0.010547326844053177,0.09208480446877192,65.0,MILD_ACCUMULATION,auto_pykrx,0
2026-07-02,192820,코스맥스,,,,,,,,,,,,,0.0,STALE,template,999.0
2026-07-02,195870,해성디에스,,,,,,,,,,,,,0.0,STALE,template,999.0
2026-07-13,204320,HL만도,0.0,0.0,0.0,0.0,-1497516925.0,23489523750.0,37706545150.0,25433860025.0,-0.06630178342316992,1.039986453833172,1.6694376861024645,1.1260709317143571,80.0,ACCUMULATION,cache_stale,2.0
2026-07-06,204620,글로벌텍스프리,163086604.0,-677314626.0,481615932.0,26069280.0,5043566703.0,-4141726459.0,5980672240.0,63637543.0,1.4919022278999388,-1.2251351663216468,1.7691008694081543,0.018824176970497018,80.0,ACCUMULATION,cache_stale,2.0
2026-07-02,207940,삼성바이오로직스,,,,,,,,,,,,,0.0,STALE,template,999.0
2026-07-06,212560,네오오토,-401247710.0,29329330.0,408505190.0,-34690090.0,-987210190.0,896310.0,-1567528610.0,276688940.0,-0.6524127061684092,0.000592339948056864,-1.03592486463952,0.1828540486522618,20.0,DISTRIBUTION,auto_pykrx,0.0
2026-07-08,214320,이노션,0.0,0.0,0.0,0.0,-789234630.0,97961835.0,-1414880390.0,3599472915.0,-0.10829234769484082,0.013441525109769483,-0.1941383630625686,0.493890356064764,20.0,DISTRIBUTION,auto_pykrx,0.0
2026-07-15,229640,LS에코에너지,0.0,0.0,0.0,0.0,-732567100.0,356726025.0,-23798524750.0,31409024475.0,-0.03902227223219354,0.019002027336278517,-1.267696176253473,1.6730911115324174,20.0,DISTRIBUTION,auto_pykrx,0.0
2026-07-06,236200,슈프리마,64109600.0,384805000.0,-276873150.0,2200.0,1226682950.0,1962096700.0,-3220403225.0,7018438625.0,0.37582456740600106,0.6011367024268514,-0.9866499317598859,2.150271722702426,20.0,DISTRIBUTION,auto_pykrx,0.0
2026-07-02,241560,두산밥캣,1982399750.0,1430250500.0,-2942610250.0,-20860800.0,19616713650.0,-8139423750.0,51286711350.0,-40584510750.0,0.3217729560126681,-0.1335109686059579,0.8412559315335654,-0.6657077339942414,80.0,ACCUMULATION,auto_pykrx,0.0
2026-07-02,248070,솔루엠,,,,,,,,,,,,,0.0,STALE,template,999.0
2026-07-02,249420,일동제약,,,,,,,,,,,,,0.0,STALE,template,999.0
2026-07-02,251270,넷마블,,,,,,,,,,,,,0.0,STALE,template,999.0
2026-07-02,259960,크래프톤,,,,,,,,,,,,,0.0,STALE,template,999.0
2026-07-13,267250,HD현대,0.0,0.0,0.0,0.0,21044150750.0,-8125072100.0,141544364200.0,-117655786750.0,0.12807931438896494,-0.04945096983440435,0.8614700273594055,-0.7160789085696064,80.0,ACCUMULATION,cache_stale,2.0
2026-07-13,267260,HD현대일렉트릭,0.0,0.0,0.0,0.0,-95233986000.0,44591792500.0,-488888155000.0,485056179000.0,-0.32101207863302955,0.15030877737699372,-1.6479306332470085,1.635013914828524,20.0,DISTRIBUTION,cache_stale,2.0
2026-07-13,267270,HD건설기계,0.0,0.0,0.0,0.0,-45262965050.0,56116412850.0,-209931230000.0,130427597500.0,-0.7672748193996293,0.9512569600174433,-3.5586477025236776,2.2109424604860264,20.0,DISTRIBUTION,cache_stale,2.0
2026-07-24,271560,오리온,3033607850.0,-2023997500.0,-983107550.0,-652500.0,14387651900.0,-11570648250.0,60232343800.0,-31951412700.0,0.2789111726123963,-0.2243022762660161,1.167631365786032,-0.619392660089282,80.0,ACCUMULATION,auto_pykrx,0
2026-07-06,272110,케이엔제이,0.0,0.0,0.0,0.0,-2144507075.0,379040975.0,-2493167600.0,-1092421100.0,-0.9458943125822048,0.1671865328250846,-1.0996807054853037,-0.4818426189779747,20.0,DISTRIBUTION,auto_pykrx,0.0
2026-07-02,272210,한화시스템,,,,,,,,,,,,,0.0,STALE,template,999.0
2026-07-03,272290,이녹스첨단소재,-65552350.0,73256500.0,-17701600.0,4144600.0,2766080850.0,1721496325.0,-772010200.0,-5506451675.0,0.5866280543956071,0.3650934642000568,-0.1637272611173182,-1.1678035487388887,20.0,DISTRIBUTION,cache_stale,2.0
2026-07-02,278470,에이피알,,,,,,,,,,,,,0.0,STALE,template,999.0
2026-07-02,279570,케이뱅크,,,,,,,,,,,,,0.0,STALE,template,999.0
2026-07-02,280360,롯데웰푸드,,,,,,,,,,,,,0.0,STALE,template,999.0
2026-07-02,281820,케이씨텍,,,,,,,,,,,,,0.0,STALE,template,999.0
2026-07-13,282330,BGF리테일,0.0,0.0,0.0,0.0,-14920539350.0,18736210050.0,38107477700.0,-25595566850.0,-0.7579122081894435,0.9517351885873175,1.9357291244392565,-1.300166980300482,20.0,DISTRIBUTION,cache_stale,2.0
2026-07-02,285130,SK케미칼,,,,,,,,,,,,,0.0,STALE,template,999.0
2026-07-13,294870,IPARK현대산업개발,0.0,0.0,0.0,0.0,1780327060.0,2885154230.0,5143293390.0,-487968965.0,0.1418727969696111,0.22991556410921749,0.40986481375765466,-0.038885844884544,80.0,ACCUMULATION,cache_stale,2.0
2026-07-06,298000,효성화학,-346350875.0,-502750.0,339438575.0,8276150.0,363713500.0,-1887998975.0,-3072446225.0,2340413925.0,0.15750539941878267,-0.8175941576532828,-1.330516656273017,1.0135115415358675,20.0,DISTRIBUTION,cache_stale,1.0
2026-07-02,298020,효성티앤씨,,,,,,,,,,,,,0.0,STALE,template,999.0
2026-07-02,298040,효성중공업,,,,,,,,,,,,,0.0,STALE,template,999.0
2026-07-13,298050,HS효성첨단소재,0.0,0.0,0.0,0.0,-633193200.0,-412678300.0,-3324941550.0,-2559774150.0,-0.08260631700984661,-0.05383796678941685,-0.43377151826411076,-0.33394786126653075,20.0,DISTRIBUTION,cache_stale,2.0
2026-07-02,300720,한일시멘트,,,,,,,,,,,,,0.0,STALE,template,999.0
2026-07-02,302440,SK바이오사이언스,,,,,,,,,,,,,0.0,STALE,template,999.0
2026-07-08,306200,세아제강,0.0,0.0,0.0,0.0,79152750.0,1979125800.0,-932714100.0,4956891900.0,0.021974050699855446,0.549436509414922,-0.2589361319962988,1.3761113028202152,20.0,DISTRIBUTION,cache_stale,2.0
2026-07-02,307950,현대오토에버,,,,,,,,,,,,,0.0,STALE,template,999.0
2026-07-14,316140,우리금융지주,0.0,0.0,0.0,0.0,4303999750.0,49489590100.0,21508707250.0,47117469850.0,0.01894666458628615,0.21785843833691848,0.09468361654769407,0.2074161127454527,80.0,ACCUMULATION,cache_stale,2.0
2026-07-13,322000,HD현대에너지솔루션,0.0,0.0,0.0,0.0,4324784350.0,635296200.0,-30542757400.0,43146129650.0,0.3612174553989042,0.0530616230121609,-2.5510120773753844,3.603679143558733,20.0,DISTRIBUTION,cache_stale,2.0
2026-07-02,323410,카카오뱅크,,,,,,,,,,,,,0.0,STALE,template,999.0
2026-07-02,326030,SK바이오팜,,,,,,,,,,,,,0.0,STALE,template,999.0
2026-07-13,329180,HD현대중공업,0.0,0.0,0.0,0.0,16428006500.0,-1692222500.0,106755371000.0,-27937796000.0,0.0294201134430028,-0.0030305185185312534,0.19118297314222824,-0.05003243258197334,80.0,ACCUMULATION,cache_stale,2.0
2026-07-06,332570,PS일렉트로닉스,89826829.0,-4082370.0,-35573694.0,-46632085.0,3045661200.0,-44629535.0,10265290005.0,-67130140.0,1.321204469991001,-0.019360243068276876,4.453071484234671,-0.02912098070498508,80.0,ACCUMULATION,cache_stale,1.0
2026-07-02,336260,두산퓨얼셀,,,,,,,,,,,,,0.0,STALE,template,999.0
2026-07-02,336370,솔루스첨단소재,,,,,,,,,,,,,0.0,STALE,template,999.0
2026-07-02,352820,하이브,,,,,,,,,,,,,0.0,STALE,template,999.0
2026-07-02,353200,대덕전자,,,,,,,,,,,,,0.0,STALE,template,999.0
2026-07-02,361610,SK아이이테크놀로지,,,,,,,,,,,,,0.0,STALE,template,999.0
2026-07-13,373220,LG에너지솔루션,0.0,0.0,0.0,0.0,29814764750.0,-74909210500.0,258158822250.0,-294093896250.0,0.03969268678275688,-0.09972736174348323,0.3436893551801262,-0.3915300692946721,80.0,ACCUMULATION,cache_stale,2.0
2026-07-13,375500,DL이앤씨,0.0,0.0,0.0,0.0,20354715300.0,10500618650.0,34742120550.0,22664627650.0,0.8652110494918939,0.4463462715433143,1.4767716541159086,0.9633977182377734,80.0,ACCUMULATION,cache_stale,2.0
2026-07-02,377300,카카오페이,,,,,,,,,,,,,0.0,STALE,template,999.0
2026-07-14,383220,F&F,0.0,0.0,0.0,0.0,-5080906350.0,9184197050.0,-28577481300.0,36681251100.0,-0.16939494108186745,0.30619665291981046,-0.9527592967899653,1.222935031836138,20.0,DISTRIBUTION,cache_stale,2.0
2026-07-02,402340,SK스퀘어,,,,,,,,,,,,,0.0,STALE,template,999.0
2026-07-02,439260,대한조선,,,,,,,,,,,,,0.0,STALE,template,999.0
2026-07-13,443060,HD현대마린솔루션,0.0,0.0,0.0,0.0,44253350300.0,-6642776300.0,18401228300.0,112197135200.0,0.5095822337340004,-0.07649230537804677,0.21189218346171862,1.2919624477284297,80.0,ACCUMULATION,cache_stale,2.0
2026-07-02,450080,에코프로머티,,,,,,,,,,,,,0.0,STALE,template,999.0
2026-07-24,453340,현대그린푸드,152416765.0,-15174340.0,-249432390.0,0.0,417180445.0,-255574650.0,656830645.0,497545415.0,0.06925904748615544,-0.04242973761775328,0.10904505562914653,0.08260099900896341,80.0,ACCUMULATION,auto_pykrx,0
2026-07-02,454910,두산로보틱스,,,,,,,,,,,,,0.0,STALE,template,999.0
2026-07-08,456040,OCI,0.0,0.0,0.0,0.0,424026950.0,-782478050.0,11883424650.0,-3314650200.0,0.04793938169178374,-0.08846492871359389,1.343509015410227,-0.37474571159344305,80.0,ACCUMULATION,auto_pykrx,0.0
2026-07-02,457190,이수스페셜티케미컬,,,,,,,,,,,,,0.0,STALE,template,999.0
2026-07-03,460860,동국제강,-2744600.0,-254761420.0,260426300.0,321070.0,-3056882935.0,2064540290.0,-1083436785.0,-3512154480.0,-0.6986478955206884,0.47184886025940403,-0.24761852052079011,-0.8026998051188237,20.0,DISTRIBUTION,cache_stale,2.0
2026-07-02,462870,시프트업,,,,,,,,,,,,,0.0,STALE,template,999.0
2026-07-02,475150,SK이터닉스,,,,,,,,,,,,,0.0,STALE,template,999.0
2026-07-02,483650,달바글로벌,,,,,,,,,,,,,0.0,STALE,template,999.0
2026-07-07,484590,삼양컴텍,0.0,0.0,0.0,0.0,-829438770.0,-131122650.0,301629820.0,-3811972370.0,-0.2977352659323261,-0.047067774595949165,0.10827301293237072,-1.368345257490953,20.0,DISTRIBUTION,auto_pykrx,0.0
2026-07-02,484870,엠앤씨솔루션,,,,,,,,,,,,,0.0,STALE,template,999.0
2026-07-02,489790,한화비전,,,,,,,,,,,,,0.0,STALE,template,999.0
2026-07-13,499790,GS피앤엘,0.0,0.0,0.0,0.0,-8153680675.0,14766785050.0,-3148531300.0,10174065125.0,-0.9595370318746839,1.7377767982321008,-0.37052375470499277,1.1972988201604098,20.0,DISTRIBUTION,cache_stale,2.0
