ticker,name,as_of,fiscal_year,sector,roe,roe_3y_avg,opm,debt_ratio,is_financial,is_holding,per,pbr,ev_ebitda,fcf_yield,sector_per_median,sector_pbr_median,net_income_y1,net_income_y2,audit_opinion,verified,source,is_etf,is_spac,is_managed,is_halted
005830,DB손해보험,2026-06-17,2025,insurance,12.5,11.8,9.6,0.0,True,False,8.2,0.92,,,10.5,1.05,5200000000000.0,4800000000000.0,unqualified,True,manual,False,False,False,False
021240,코웨이,2026-06-17,2025,consumer,18.2,17.5,14.1,45.3,False,False,12.4,1.8,8.2,4.1,18.0,2.2,850000000000.0,780000000000.0,unqualified,True,manual,False,False,False,False
005440,현대지에프홀딩스,2026-06-17,2025,holding,8.5,8.0,6.2,35.0,False,True,9.8,0.55,6.5,3.2,12.0,0.75,120000000000.0,95000000000.0,unqualified,True,manual,False,False,False,False
192400,쿠쿠홀딩스,2026-06-17,2025,holding,9.2,8.8,7.5,28.0,False,True,11.0,0.62,7.0,2.8,12.0,0.75,95000000000.0,88000000000.0,unqualified,True,manual,False,False,False,False
006040,동원산업,2026-06-17,2025,consumer,11.0,10.5,8.2,55.0,False,False,9.5,0.85,5.5,5.0,18.0,2.2,180000000000.0,165000000000.0,unqualified,True,manual,False,False,False,False
036530,SNT홀딩스,2026-06-17,2025,holding,7.8,7.2,5.8,40.0,False,True,8.5,0.48,5.8,4.5,12.0,0.75,65000000000.0,60000000000.0,unqualified,True,manual,False,False,False,False
002380,KCC,2026-06-17,2025,materials,6.5,5.8,4.2,85.0,False,False,14.0,0.72,9.5,2.0,15.0,1.1,350000000000.0,280000000000.0,unqualified,True,manual,False,False,False,False
271560,오리온,2026-06-17,2025,consumer,15.0,14.2,12.5,38.0,False,False,13.5,1.6,7.8,3.5,18.0,2.2,420000000000.0,400000000000.0,unqualified,True,manual,False,False,False,False
030190,NICE평가정보,2026-06-17,2025,data_service,16.5,15.8,18.0,25.0,False,False,15.0,2.1,10.0,2.2,20.0,2.5,85000000000.0,78000000000.0,unqualified,True,manual,False,False,False,False
453340,현대그린푸드,2026-06-17,2025,consumer,8.0,7.5,5.5,62.0,False,False,11.5,0.95,6.0,3.8,18.0,2.2,45000000000.0,42000000000.0,unqualified,True,manual,False,False,False,False
000660,SK하이닉스,2026-06-17,2025,semiconductor,22.0,18.0,28.0,48.0,False,False,14.5,2.4,6.8,3.0,18.0,2.0,18000000000000.0,12000000000000.0,unqualified,True,manual,False,False,False,False
005930,삼성전자,2026-06-23,2026,unknown,10.0,10.0,,80.0,False,False,46.93,4.84,,,,,,,unqualified,stub,liquid_stub,False,False,False,False
402340,SK스퀘어,2026-06-23,2026,unknown,10.0,10.0,,80.0,False,False,27.46,8.74,,,,,,,unqualified,stub,liquid_stub,False,False,False,False
005935,삼성전자우,2026-06-23,2026,unknown,10.0,10.0,,80.0,False,False,,,,,,,,,unqualified,stub,liquid_stub,False,False,False,False
009150,삼성전기,2026-06-23,2026,unknown,10.0,10.0,,80.0,False,False,212.95,15.76,,,,,,,unqualified,stub,liquid_stub,False,False,False,False
005380,현대차,2026-06-23,2026,unknown,10.0,10.0,,80.0,False,False,14.16,1.16,,,,,,,unqualified,stub,liquid_stub,False,False,False,False
032830,삼성생명,2026-06-23,2026,unknown,10.0,10.0,,80.0,False,False,33.14,1.22,,,,,,,unqualified,stub,liquid_stub,False,False,False,False
373220,LG에너지솔루션,2026-06-23,2026,unknown,10.0,10.0,,80.0,False,False,,4.19,,,,,,,unqualified,stub,liquid_stub,False,False,False,False
028260,삼성물산,2026-06-23,2026,unknown,10.0,10.0,,80.0,False,False,30.53,1.49,,,,,,,unqualified,stub,liquid_stub,False,False,False,False
329180,HD현대중공업,2026-06-23,2026,unknown,10.0,10.0,,80.0,False,False,37.45,6.6,,,,,,,unqualified,stub,liquid_stub,False,False,False,False
034020,두산에너빌리티,2026-06-23,2026,unknown,10.0,10.0,,80.0,False,False,675.76,7.34,,,,,,,unqualified,stub,liquid_stub,False,False,False,False
207940,삼성바이오로직스,2026-06-23,2026,unknown,10.0,10.0,,80.0,False,False,47.81,7.9,,,,,,,unqualified,stub,liquid_stub,False,False,False,False
034730,SK,2026-06-23,2026,unknown,10.0,10.0,,80.0,False,False,24.31,1.54,,,,,,,unqualified,stub,liquid_stub,False,False,False,False
105560,KB금융,2026-06-23,2026,unknown,10.0,10.0,,80.0,False,False,9.97,0.93,,,,,,,unqualified,stub,liquid_stub,False,False,False,False
012450,한화에어로스페이스,2026-06-23,2026,unknown,10.0,10.0,,80.0,False,False,37.61,5.7,,,,,,,unqualified,stub,liquid_stub,False,False,False,False
000270,기아,2026-06-23,2026,unknown,10.0,10.0,,80.0,False,False,7.09,0.87,,,,,,,unqualified,stub,liquid_stub,False,False,False,False
012330,현대모비스,2026-06-23,2026,unknown,10.0,10.0,,80.0,False,False,12.48,0.93,,,,,,,unqualified,stub,liquid_stub,False,False,False,False
055550,신한지주,2026-06-23,2026,unknown,10.0,10.0,,80.0,False,False,9.96,0.8,,,,,,,unqualified,stub,liquid_stub,False,False,False,False
006400,삼성SDI,2026-06-23,2026,unknown,10.0,10.0,,80.0,False,False,,1.72,,,,,,,unqualified,stub,liquid_stub,False,False,False,False
010120,LS ELECTRIC,2026-06-23,2026,unknown,10.0,10.0,,80.0,False,False,120.53,16.7,,,,,,,unqualified,stub,liquid_stub,False,False,False,False
267260,HD현대일렉트릭,2026-06-23,2026,unknown,10.0,10.0,,80.0,False,False,46.62,16.84,,,,,,,unqualified,stub,liquid_stub,False,False,False,False
068270,셀트리온,2026-06-23,2026,unknown,10.0,10.0,,80.0,False,False,36.08,2.14,,,,,,,unqualified,stub,liquid_stub,False,False,False,False
298040,효성중공업,2026-06-23,2026,unknown,10.0,10.0,,80.0,False,False,64.77,14.32,,,,,,,unqualified,stub,liquid_stub,False,False,False,False
066570,LG전자,2026-06-23,2026,unknown,10.0,10.0,,80.0,False,False,37.9,1.52,,,,,,,unqualified,stub,liquid_stub,False,False,False,False
042660,한화오션,2026-06-23,2026,unknown,10.0,10.0,,80.0,False,False,26.08,5.19,,,,,,,unqualified,stub,liquid_stub,False,False,False,False
086790,하나금융지주,2026-06-23,2026,unknown,10.0,10.0,,80.0,False,False,8.28,0.7,,,,,,,unqualified,stub,liquid_stub,False,False,False,False
035420,NAVER,2026-06-23,2026,unknown,10.0,10.0,,80.0,False,False,15.57,1.1,,,,,,,unqualified,stub,liquid_stub,False,False,False,False
000810,삼성화재,2026-06-23,2026,unknown,10.0,10.0,,80.0,False,False,13.61,1.29,,,,,,,unqualified,stub,liquid_stub,False,False,False,False
009540,HD한국조선해양,2026-06-23,2026,unknown,10.0,10.0,,80.0,False,False,11.89,1.94,,,,,,,unqualified,stub,liquid_stub,False,False,False,False
000150,두산,2026-06-23,2026,unknown,10.0,10.0,,80.0,False,False,361.94,17.52,,,,,,,unqualified,stub,liquid_stub,False,False,False,False
042700,한미반도체,2026-06-23,2026,unknown,10.0,10.0,,80.0,False,False,114.36,35.45,,,,,,,unqualified,stub,liquid_stub,False,False,False,False
005490,POSCO홀딩스,2026-06-23,2026,unknown,10.0,10.0,,80.0,False,False,37.02,0.44,,,,,,,unqualified,stub,liquid_stub,False,False,False,False
006800,미래에셋증권,2026-06-23,2026,unknown,10.0,10.0,,80.0,False,False,15.8,1.85,,,,,,,unqualified,stub,liquid_stub,False,False,False,False
011070,LG이노텍,2026-06-23,2026,unknown,10.0,10.0,,80.0,False,False,68.72,4.07,,,,,,,unqualified,stub,liquid_stub,False,False,False,False
015760,한국전력,2026-06-23,2026,unknown,10.0,10.0,,80.0,False,False,2.72,0.48,,,,,,,unqualified,stub,liquid_stub,False,False,False,False
010130,고려아연,2026-06-23,2026,unknown,10.0,10.0,,80.0,False,False,25.47,2.02,,,,,,,unqualified,stub,liquid_stub,False,False,False,False
010140,삼성중공업,2026-06-23,2026,unknown,10.0,10.0,,80.0,False,False,38.03,5.0,,,,,,,unqualified,stub,liquid_stub,False,False,False,False
316140,우리금융지주,2026-06-23,2026,unknown,10.0,10.0,,80.0,False,False,7.27,0.6,,,,,,,unqualified,stub,liquid_stub,False,False,False,False
051910,LG화학,2026-06-23,2026,unknown,10.0,10.0,,80.0,False,False,,0.69,,,,,,,unqualified,stub,liquid_stub,False,False,False,False
064350,현대로템,2026-06-23,2026,unknown,10.0,10.0,,80.0,False,False,27.44,6.86,,,,,,,unqualified,stub,liquid_stub,False,False,False,False
017670,SK텔레콤,2026-06-23,2026,unknown,10.0,10.0,,80.0,False,False,49.26,1.49,,,,,,,unqualified,stub,liquid_stub,False,False,False,False
196170,알테오젠,2026-06-23,2026,unknown,10.0,10.0,,80.0,False,False,125.52,40.33,,,,,,,unqualified,stub,liquid_stub,False,False,False,False
079550,LIG디펜스앤에어로스페이스,2026-06-23,2026,unknown,10.0,10.0,,80.0,False,False,69.72,12.36,,,,,,,unqualified,stub,liquid_stub,False,False,False,False
138040,메리츠금융지주,2026-06-23,2026,unknown,10.0,10.0,,80.0,False,False,8.11,1.71,,,,,,,unqualified,stub,liquid_stub,False,False,False,False
033780,KT&G,2026-06-23,2026,unknown,10.0,10.0,,80.0,False,False,16.89,1.93,,,,,,,unqualified,stub,liquid_stub,False,False,False,False
011200,HMM,2026-06-23,2026,unknown,10.0,10.0,,80.0,False,False,9.53,0.66,,,,,,,unqualified,stub,liquid_stub,False,False,False,False
267250,HD현대,2026-06-23,2026,unknown,10.0,10.0,,80.0,False,False,15.49,1.47,,,,,,,unqualified,stub,liquid_stub,False,False,False,False
096770,SK이노베이션,2026-06-23,2026,unknown,10.0,10.0,,80.0,False,False,,0.73,,,,,,,unqualified,stub,liquid_stub,False,False,False,False
024110,기업은행,2026-06-23,2026,unknown,10.0,10.0,,80.0,False,False,6.36,0.44,,,,,,,unqualified,stub,liquid_stub,False,False,False,False
003670,포스코퓨처엠,2026-06-23,2026,unknown,10.0,10.0,,80.0,False,False,3390.2,3.78,,,,,,,unqualified,stub,liquid_stub,False,False,False,False
272210,한화시스템,2026-06-23,2026,unknown,10.0,10.0,,80.0,False,False,63.49,3.16,,,,,,,unqualified,stub,liquid_stub,False,False,False,False
003550,LG,2026-06-23,2026,unknown,10.0,10.0,,80.0,False,False,20.63,0.53,,,,,,,unqualified,stub,liquid_stub,False,False,False,False
307950,현대오토에버,2026-06-23,2026,unknown,10.0,10.0,,80.0,False,False,82.66,8.17,,,,,,,unqualified,stub,liquid_stub,False,False,False,False
035720,카카오,2026-06-23,2026,unknown,10.0,10.0,,80.0,False,False,30.64,1.34,,,,,,,unqualified,stub,liquid_stub,False,False,False,False
247540,에코프로비엠,2026-06-23,2026,unknown,10.0,10.0,,80.0,False,False,374.44,8.54,,,,,,,unqualified,stub,liquid_stub,False,False,False,False
018260,삼성에스디에스,2026-06-23,2026,unknown,10.0,10.0,,80.0,False,False,19.51,1.49,,,,,,,unqualified,stub,liquid_stub,False,False,False,False
086520,에코프로,2026-06-23,2026,unknown,10.0,10.0,,80.0,False,False,,7.07,,,,,,,unqualified,stub,liquid_stub,False,False,False,False
086280,현대글로비스,2026-06-23,2026,unknown,10.0,10.0,,80.0,False,False,8.08,1.35,,,,,,,unqualified,stub,liquid_stub,False,False,False,False
047810,한국항공우주,2026-06-23,2026,unknown,10.0,10.0,,80.0,False,False,73.62,7.48,,,,,,,unqualified,stub,liquid_stub,False,False,False,False
278470,에이피알,2026-06-23,2026,unknown,10.0,10.0,,80.0,False,False,45.78,29.85,,,,,,,unqualified,stub,liquid_stub,False,False,False,False
000720,현대건설,2026-06-23,2026,unknown,10.0,10.0,,80.0,False,False,34.68,1.57,,,,,,,unqualified,stub,liquid_stub,False,False,False,False
030200,KT,2026-06-23,2026,unknown,10.0,10.0,,80.0,False,False,7.36,0.72,,,,,,,unqualified,stub,liquid_stub,False,False,False,False
071050,한국금융지주,2026-06-23,2026,unknown,10.0,10.0,,80.0,False,False,6.01,1.01,,,,,,,unqualified,stub,liquid_stub,False,False,False,False
006260,LS,2026-06-23,2026,unknown,10.0,10.0,,80.0,False,False,36.5,2.0,,,,,,,unqualified,stub,liquid_stub,False,False,False,False
010950,S-Oil,2026-06-23,2026,unknown,10.0,10.0,,80.0,False,False,66.82,1.33,,,,,,,unqualified,stub,liquid_stub,False,False,False,False
005940,NH투자증권,2026-06-23,2026,unknown,10.0,10.0,,80.0,False,False,9.98,1.14,,,,,,,unqualified,stub,liquid_stub,False,False,False,False
259960,크래프톤,2026-06-23,2026,unknown,10.0,10.0,,80.0,False,False,13.46,1.4,,,,,,,unqualified,stub,liquid_stub,False,False,False,False
016360,삼성증권,2026-06-23,2026,unknown,10.0,10.0,,80.0,False,False,9.58,1.2,,,,,,,unqualified,stub,liquid_stub,False,False,False,False
277810,레인보우로보틱스,2026-06-23,2026,unknown,10.0,10.0,,80.0,False,False,6890.41,72.91,,,,,,,unqualified,stub,liquid_stub,False,False,False,False
0126Z0,삼성에피스홀딩스,2026-06-23,2026,unknown,10.0,10.0,,80.0,False,False,,1.64,,,,,,,unqualified,stub,liquid_stub,False,False,False,False
323410,카카오뱅크,2026-06-23,2026,unknown,10.0,10.0,,80.0,False,False,20.09,1.43,,,,,,,unqualified,stub,liquid_stub,False,False,False,False
003490,대한항공,2026-06-23,2026,unknown,10.0,10.0,,80.0,False,False,12.14,0.87,,,,,,,unqualified,stub,liquid_stub,False,False,False,False
443060,HD현대마린솔루션,2026-06-23,2026,unknown,10.0,10.0,,80.0,False,False,34.01,11.12,,,,,,,unqualified,stub,liquid_stub,False,False,False,False
039490,키움증권,2026-06-23,2026,unknown,10.0,10.0,,80.0,False,False,7.24,1.27,,,,,,,unqualified,stub,liquid_stub,False,False,False,False
028050,삼성E&A,2026-06-23,2026,unknown,10.0,10.0,,80.0,False,False,14.24,1.85,,,,,,,unqualified,stub,liquid_stub,False,False,False,False
047050,포스코인터내셔널,2026-06-23,2026,unknown,10.0,10.0,,80.0,False,False,13.96,1.28,,,,,,,unqualified,stub,liquid_stub,False,False,False,False
352820,하이브,2026-06-23,2026,unknown,10.0,10.0,,80.0,False,False,,2.55,,,,,,,unqualified,stub,liquid_stub,False,False,False,False
007660,이수페타시스,2026-06-23,2026,unknown,10.0,10.0,,80.0,False,False,47.45,10.5,,,,,,,unqualified,stub,liquid_stub,False,False,False,False
036930,주성엔지니어링,2026-06-23,2026,unknown,10.0,10.0,,80.0,False,False,235.85,14.25,,,,,,,unqualified,stub,liquid_stub,False,False,False,False
950160,코오롱티슈진,2026-06-23,2026,unknown,10.0,10.0,,80.0,False,False,,,,,,,,,unqualified,stub,liquid_stub,False,False,False,False
047040,대우건설,2026-06-23,2026,unknown,10.0,10.0,,80.0,False,False,,2.38,,,,,,,unqualified,stub,liquid_stub,False,False,False,False
003230,삼양식품,2026-06-23,2026,unknown,10.0,10.0,,80.0,False,False,20.55,6.43,,,,,,,unqualified,stub,liquid_stub,False,False,False,False
064400,LG씨엔에스,2026-06-23,2026,unknown,10.0,10.0,,80.0,False,False,17.59,2.64,,,,,,,unqualified,stub,liquid_stub,False,False,False,False
000880,한화,2026-06-23,2026,unknown,10.0,10.0,,80.0,False,False,26.01,0.8,,,,,,,unqualified,stub,liquid_stub,False,False,False,False
240810,원익IPS,2026-06-23,2026,unknown,10.0,10.0,,80.0,False,False,86.91,7.53,,,,,,,unqualified,stub,liquid_stub,False,False,False,False
005387,현대차2우B,2026-06-23,2026,unknown,10.0,10.0,,80.0,False,False,,,,,,,,,unqualified,stub,liquid_stub,False,False,False,False
161390,한국타이어앤테크놀로지,2026-06-23,2026,unknown,10.0,10.0,,80.0,False,False,6.9,0.62,,,,,,,unqualified,stub,liquid_stub,False,False,False,False
180640,한진칼,2026-06-23,2026,unknown,10.0,10.0,,80.0,False,False,47.38,2.21,,,,,,,unqualified,stub,liquid_stub,False,False,False,False
001440,대한전선,2026-06-23,2026,unknown,10.0,10.0,,80.0,False,False,76.6,4.03,,,,,,,unqualified,stub,liquid_stub,False,False,False,False
353200,대덕전자,2026-06-23,2026,unknown,10.0,10.0,,80.0,False,False,151.95,8.06,,,,,,,unqualified,stub,liquid_stub,False,False,False,False
000990,DB하이텍,2026-06-23,2026,unknown,10.0,10.0,,80.0,False,False,24.04,3.0,,,,,,,unqualified,stub,liquid_stub,False,False,False,False
062040,산일전기,2026-06-23,2026,unknown,10.0,10.0,,80.0,False,False,45.3,11.52,,,,,,,unqualified,stub,liquid_stub,False,False,False,False
058470,리노공업,2026-06-23,2026,unknown,10.0,10.0,,80.0,False,False,42.41,8.81,,,,,,,unqualified,stub,liquid_stub,False,False,False,False
028300,HLB,2026-06-23,2026,unknown,10.0,10.0,,80.0,False,False,,15.04,,,,,,,unqualified,stub,liquid_stub,False,False,False,False
004170,신세계,2026-06-23,2026,unknown,10.0,10.0,,80.0,False,False,422.64,1.32,,,,,,,unqualified,stub,liquid_stub,False,False,False,False
326030,SK바이오팜,2026-06-23,2026,unknown,10.0,10.0,,80.0,False,False,24.11,7.92,,,,,,,unqualified,stub,liquid_stub,False,False,False,False
034220,LG디스플레이,2026-06-23,2026,unknown,10.0,10.0,,80.0,False,False,26.89,0.92,,,,,,,unqualified,stub,liquid_stub,False,False,False,False
009830,한화솔루션,2026-06-23,2026,unknown,10.0,10.0,,80.0,False,False,,0.68,,,,,,,unqualified,stub,liquid_stub,False,False,False,False
032640,LG유플러스,2026-06-23,2026,unknown,10.0,10.0,,80.0,False,False,11.63,0.68,,,,,,,unqualified,stub,liquid_stub,False,False,False,False
078930,GS,2026-06-23,2026,unknown,10.0,10.0,,80.0,False,False,7.71,0.42,,,,,,,unqualified,stub,liquid_stub,False,False,False,False
454910,두산로보틱스,2026-06-23,2026,unknown,10.0,10.0,,80.0,False,False,,16.51,,,,,,,unqualified,stub,liquid_stub,False,False,False,False
241560,두산밥캣,2026-06-23,2026,unknown,10.0,10.0,,80.0,False,False,14.9,0.83,,,,,,,unqualified,stub,liquid_stub,False,False,False,False
267270,HD건설기계,2026-06-23,2026,unknown,10.0,10.0,,80.0,False,False,21.39,1.17,,,,,,,unqualified,stub,liquid_stub,False,False,False,False
039030,이오테크닉스,2026-06-23,2026,unknown,10.0,10.0,,80.0,False,False,98.1,8.24,,,,,,,unqualified,stub,liquid_stub,False,False,False,False
090430,아모레퍼시픽,2026-06-23,2026,unknown,10.0,10.0,,80.0,False,False,28.16,1.22,,,,,,,unqualified,stub,liquid_stub,False,False,False,False
000500,가온전선,2026-06-23,2026,unknown,10.0,10.0,,80.0,False,False,106.69,11.34,,,,,,,unqualified,stub,liquid_stub,False,False,False,False
000100,유한양행,2026-06-23,2026,unknown,10.0,10.0,,80.0,False,False,26.86,2.26,,,,,,,unqualified,stub,liquid_stub,False,False,False,False
011790,SKC,2026-06-23,2026,unknown,10.0,10.0,,80.0,False,False,,4.6,,,,,,,unqualified,stub,liquid_stub,False,False,False,False
377300,카카오페이,2026-06-23,2026,unknown,10.0,10.0,,80.0,False,False,115.97,2.76,,,,,,,unqualified,stub,liquid_stub,False,False,False,False
029780,삼성카드,2026-06-23,2026,unknown,10.0,10.0,,80.0,False,False,7.69,0.56,,,,,,,unqualified,stub,liquid_stub,False,False,False,False
298380,에이비엘바이오,2026-06-23,2026,unknown,10.0,10.0,,80.0,False,False,,32.81,,,,,,,unqualified,stub,liquid_stub,False,False,False,False
138930,BNK금융지주,2026-06-23,2026,unknown,10.0,10.0,,80.0,False,False,6.66,0.48,,,,,,,unqualified,stub,liquid_stub,False,False,False,False
036570,NC,2026-06-23,2026,unknown,10.0,10.0,,80.0,False,False,13.51,1.39,,,,,,,unqualified,stub,liquid_stub,False,False,False,False
000250,삼천당제약,2026-06-23,2026,unknown,10.0,10.0,,80.0,False,False,988.94,18.83,,,,,,,unqualified,stub,liquid_stub,False,False,False,False
005385,현대차우,2026-06-23,2026,unknown,10.0,10.0,,80.0,False,False,,,,,,,,,unqualified,stub,liquid_stub,False,False,False,False
141080,리가켐바이오,2026-06-23,2026,unknown,10.0,10.0,,80.0,False,False,,9.91,,,,,,,unqualified,stub,liquid_stub,False,False,False,False
088980,맥쿼리인프라,2026-06-23,2026,unknown,10.0,10.0,,80.0,False,False,,,,,,,,,unqualified,stub,liquid_stub,False,False,False,False
128940,한미약품,2026-06-23,2026,unknown,10.0,10.0,,80.0,False,False,28.19,3.83,,,,,,,unqualified,stub,liquid_stub,False,False,False,False
319660,피에스케이,2026-06-23,2026,unknown,10.0,10.0,,80.0,False,False,58.89,8.58,,,,,,,unqualified,stub,liquid_stub,False,False,False,False
023530,롯데쇼핑,2026-06-23,2026,unknown,10.0,10.0,,80.0,False,False,95.94,0.33,,,,,,,unqualified,stub,liquid_stub,False,False,False,False
440110,파두,2026-06-23,2026,unknown,10.0,10.0,,80.0,False,False,,229.67,,,,,,,unqualified,stub,liquid_stub,False,False,False,False
222800,심텍,2026-06-23,2026,unknown,10.0,10.0,,80.0,False,False,,7.82,,,,,,,unqualified,stub,liquid_stub,False,False,False,False
175330,JB금융지주,2026-06-23,2026,unknown,10.0,10.0,,80.0,False,False,6.85,0.78,,,,,,,unqualified,stub,liquid_stub,False,False,False,False
001040,CJ,2026-06-23,2026,unknown,10.0,10.0,,80.0,False,False,37.23,1.02,,,,,,,unqualified,stub,liquid_stub,False,False,False,False
066970,엘앤에프,2026-06-23,2026,unknown,10.0,10.0,,80.0,False,False,,6.45,,,,,,,unqualified,stub,liquid_stub,False,False,False,False
087010,펩트론,2026-06-23,2026,unknown,10.0,10.0,,80.0,False,False,,30.85,,,,,,,unqualified,stub,liquid_stub,False,False,False,False
403870,HPSP,2026-06-23,2026,unknown,10.0,10.0,,80.0,False,False,58.82,13.91,,,,,,,unqualified,stub,liquid_stub,False,False,False,False
082740,한화엔진,2026-06-23,2026,unknown,10.0,10.0,,80.0,False,False,25.83,8.03,,,,,,,unqualified,stub,liquid_stub,False,False,False,False
347850,디앤디파마텍,2026-06-23,2026,unknown,10.0,10.0,,80.0,False,False,,52.63,,,,,,,unqualified,stub,liquid_stub,False,False,False,False
088350,한화생명,2026-06-23,2026,unknown,10.0,10.0,,80.0,False,False,6.93,0.26,,,,,,,unqualified,stub,liquid_stub,False,False,False,False
080220,제주반도체,2026-06-23,2026,unknown,10.0,10.0,,80.0,False,False,94.46,16.43,,,,,,,unqualified,stub,liquid_stub,False,False,False,False
095340,ISC,2026-06-23,2026,unknown,10.0,10.0,,80.0,False,False,69.41,7.26,,,,,,,unqualified,stub,liquid_stub,False,False,False,False
052690,한전기술,2026-06-23,2026,unknown,10.0,10.0,,80.0,False,False,46.79,6.39,,,,,,,unqualified,stub,liquid_stub,False,False,False,False
018880,한온시스템,2026-06-23,2026,unknown,10.0,10.0,,80.0,False,False,,1.08,,,,,,,unqualified,stub,liquid_stub,False,False,False,False
069960,현대백화점,2026-06-23,2026,unknown,10.0,10.0,,80.0,False,False,20.02,0.91,,,,,,,unqualified,stub,liquid_stub,False,False,False,False
010060,OCI홀딩스,2026-06-23,2026,unknown,10.0,10.0,,80.0,False,False,,1.03,,,,,,,unqualified,stub,liquid_stub,False,False,False,False
084370,유진테크,2026-06-23,2026,unknown,10.0,10.0,,80.0,False,False,84.99,7.97,,,,,,,unqualified,stub,liquid_stub,False,False,False,False
004020,현대제철,2026-06-23,2026,unknown,10.0,10.0,,80.0,False,False,,0.2,,,,,,,unqualified,stub,liquid_stub,False,False,False,False
336260,두산퓨얼셀,2026-06-23,2026,unknown,10.0,10.0,,80.0,False,False,,12.85,,,,,,,unqualified,stub,liquid_stub,False,False,False,False
108490,로보티즈,2026-06-23,2026,unknown,10.0,10.0,,80.0,False,False,661.04,11.72,,,,,,,unqualified,stub,liquid_stub,False,False,False,False
178320,서진시스템,2026-06-23,2026,unknown,10.0,10.0,,80.0,False,False,,4.32,,,,,,,unqualified,stub,liquid_stub,False,False,False,False
214370,케어젠,2026-06-23,2026,unknown,10.0,10.0,,80.0,False,False,169.1,15.98,,,,,,,unqualified,stub,liquid_stub,False,False,False,False
103590,일진전기,2026-06-23,2026,unknown,10.0,10.0,,80.0,False,False,33.78,5.96,,,,,,,unqualified,stub,liquid_stub,False,False,False,False
310210,보로노이,2026-06-23,2026,unknown,10.0,10.0,,80.0,False,False,,32.74,,,,,,,unqualified,stub,liquid_stub,False,False,False,False
067310,하나마이크론,2026-06-23,2026,unknown,10.0,10.0,,80.0,False,False,77.94,8.27,,,,,,,unqualified,stub,liquid_stub,False,False,False,False
022100,포스코DX,2026-06-23,2026,unknown,10.0,10.0,,80.0,False,False,63.99,5.85,,,,,,,unqualified,stub,liquid_stub,False,False,False,False
450080,에코프로머티,2026-06-23,2026,unknown,10.0,10.0,,80.0,False,False,135.8,3.1,,,,,,,unqualified,stub,liquid_stub,False,False,False,False
012510,더존비즈온,2026-06-23,2026,unknown,10.0,10.0,,80.0,False,False,38.66,5.68,,,,,,,unqualified,stub,liquid_stub,False,False,False,False
095610,테스,2026-06-23,2026,unknown,10.0,10.0,,80.0,False,False,48.61,7.14,,,,,,,unqualified,stub,liquid_stub,False,False,False,False
051900,LG생활건강,2026-06-23,2026,unknown,10.0,10.0,,80.0,False,False,,0.69,,,,,,,unqualified,stub,liquid_stub,False,False,False,False
004800,효성,2026-06-23,2026,unknown,10.0,10.0,,80.0,False,False,9.0,1.22,,,,,,,unqualified,stub,liquid_stub,False,False,False,False
111770,영원무역,2026-07-20,2026,유통,10.0,10.0,,80.0,False,False,7.54,0.91,,,,,,,unqualified,stub,liquid_stub,False,False,False,False
214450,파마리서치,2026-07-20,2026,제약,10.0,10.0,,80.0,False,False,20.83,5.55,,,,,,,unqualified,stub,liquid_stub,False,False,False,False
001450,현대해상,2026-07-20,2026,손해보험,10.0,10.0,,80.0,False,False,2.84,0.56,,,,,,,unqualified,stub,liquid_stub,False,False,False,False
035250,강원랜드,2026-07-20,2026,오락·문화,10.0,10.0,,80.0,False,False,9.12,0.72,,,,,,,unqualified,stub,liquid_stub,False,False,False,False
011780,금호석유화학,2026-07-20,2026,화학,10.0,10.0,,80.0,False,False,10.58,0.49,,,,,,,unqualified,stub,liquid_stub,False,False,False,False
036460,한국가스공사,2026-07-20,2026,전기·가스,10.0,10.0,,80.0,False,False,21.87,0.26,,,,,,,unqualified,stub,liquid_stub,False,False,False,False
031210,서울보증보험,2026-07-20,2026,보험,10.0,10.0,,80.0,False,False,10.94,0.57,,,,,,,unqualified,stub,liquid_stub,False,False,False,False
383220,F&F,2026-07-20,2026,섬유·의류,10.0,10.0,,80.0,False,False,7.2,1.52,,,,,,,unqualified,stub,liquid_stub,False,False,False,False
251270,넷마블,2026-07-20,2026,IT 서비스,10.0,10.0,,80.0,False,False,13.0,0.54,,,,,,,unqualified,stub,liquid_stub,False,False,False,False
145020,휴젤,2026-07-20,2026,제약,10.0,10.0,,80.0,False,False,18.18,2.7,,,,,,,unqualified,stub,liquid_stub,False,False,False,False
139130,iM금융지주,2026-07-20,2026,은행/금융지주,10.0,10.0,,80.0,False,False,7.24,0.47,,,,,,,unqualified,stub,liquid_stub,False,False,False,False
214150,클래시스,2026-07-20,2026,의료·정밀기기,10.0,10.0,,80.0,False,False,21.72,5.16,,,,,,,unqualified,stub,liquid_stub,False,False,False,False
131290,티에스이,2026-07-20,2026,의료·정밀기기,10.0,10.0,,80.0,False,False,73.03,7.28,,,,,,,unqualified,stub,liquid_stub,False,False,False,False
097950,CJ제일제당,2026-07-20,2026,음식료·담배,10.0,10.0,,80.0,False,False,,0.42,,,,,,,unqualified,stub,liquid_stub,False,False,False,False
012750,에스원,2026-07-20,2026,일반서비스,10.0,10.0,,80.0,False,False,13.61,1.38,,,,,,,unqualified,stub,liquid_stub,False,False,False,False
302440,SK바이오사이언스,2026-07-20,2026,제약,10.0,10.0,,80.0,False,False,,1.51,,,,,,,unqualified,stub,liquid_stub,False,False,False,False
483650,달바글로벌,2026-07-20,2026,화학,10.0,10.0,,80.0,False,False,32.3,13.29,,,,,,,unqualified,stub,liquid_stub,False,False,False,False
028670,팬오션,2026-07-20,2026,해운,10.0,10.0,,80.0,False,False,8.88,0.47,,,,,,,unqualified,stub,liquid_stub,False,False,False,False
031980,피에스케이홀딩스,2026-07-20,2026,기계·장비,10.0,10.0,,80.0,False,False,29.35,5.31,,,,,,,unqualified,stub,liquid_stub,False,False,False,False
017800,현대엘리베이터,2026-07-20,2026,기계·장비,10.0,10.0,,80.0,False,False,9.3,1.8,,,,,,,unqualified,stub,liquid_stub,False,False,False,False
014680,한솔케미칼,2026-07-20,2026,화학,10.0,10.0,,80.0,False,False,17.8,2.4,,,,,,,unqualified,stub,liquid_stub,False,False,False,False
009420,한올바이오파마,2026-07-20,2026,제약,10.0,10.0,,80.0,False,False,,15.77,,,,,,,unqualified,stub,liquid_stub,False,False,False,False
081660,미스토홀딩스,2026-07-20,2026,유통,10.0,10.0,,80.0,False,False,11.76,1.31,,,,,,,unqualified,stub,liquid_stub,False,False,False,False
026960,동서,2026-07-20,2026,유통,10.0,10.0,,80.0,False,False,17.3,1.46,,,,,,,unqualified,stub,liquid_stub,False,False,False,False
279570,케이뱅크,2026-07-20,2026,은행,10.0,10.0,,80.0,False,False,21.19,1.08,,,,,,,unqualified,stub,liquid_stub,False,False,False,False
011170,롯데케미칼,2026-07-20,2026,화학,10.0,10.0,,80.0,False,False,,0.2,,,,,,,unqualified,stub,liquid_stub,False,False,False,False
009970,영원무역홀딩스,2026-07-20,2026,기타금융,10.0,10.0,,80.0,False,False,6.0,0.73,,,,,,,unqualified,stub,liquid_stub,False,False,False,False
226950,올릭스,2026-07-20,2026,일반서비스,10.0,10.0,,80.0,False,False,,17.47,,,,,,,unqualified,stub,liquid_stub,False,False,False,False
089970,브이엠,2026-07-20,2026,기계·장비,10.0,10.0,,80.0,False,False,82.91,13.79,,,,,,,unqualified,stub,liquid_stub,False,False,False,False
237690,에스티팜,2026-07-20,2026,제약,10.0,10.0,,80.0,False,False,43.31,4.09,,,,,,,unqualified,stub,liquid_stub,False,False,False,False
005850,에스엘,2026-07-20,2026,자동차부품,10.0,10.0,,80.0,False,False,7.72,0.94,,,,,,,unqualified,stub,liquid_stub,False,False,False,False
003690,코리안리,2026-07-20,2026,생명/손해보험,10.0,10.0,,80.0,False,False,8.57,0.65,,,,,,,unqualified,stub,liquid_stub,False,False,False,False
161890,한국콜마,2026-07-20,2026,화학,10.0,10.0,,80.0,False,False,19.32,2.66,,,,,,,unqualified,stub,liquid_stub,False,False,False,False
000240,한국앤컴퍼니,2026-07-20,2026,기타금융,10.0,10.0,,80.0,False,False,6.76,0.49,,,,,,,unqualified,stub,liquid_stub,False,False,False,False
001720,신영증권,2026-07-20,2026,증권,10.0,10.0,,80.0,False,False,10.37,0.62,,,,,,,unqualified,stub,liquid_stub,False,False,False,False
064760,티씨케이,2026-07-20,2026,비금속,10.0,10.0,,80.0,False,False,34.21,4.52,,,,,,,unqualified,stub,liquid_stub,False,False,False,False
007340,DN오토모티브,2026-07-20,2026,자동차부품,10.0,10.0,,80.0,False,False,7.18,1.01,,,,,,,unqualified,stub,liquid_stub,False,False,False,False
489790,한화비전,2026-07-20,2026,전기·전자,10.0,10.0,,80.0,False,False,50.44,2.65,,,,,,,unqualified,stub,liquid_stub,False,False,False,False
257720,실리콘투,2026-07-20,2026,유통,10.0,10.0,,80.0,False,False,12.45,4.92,,,,,,,unqualified,stub,liquid_stub,False,False,False,False
004990,롯데지주,2026-07-20,2026,기타금융,10.0,10.0,,80.0,False,False,,0.28,,,,,,,unqualified,stub,liquid_stub,False,False,False,False
375500,DL이앤씨,2026-07-20,2026,건설,10.0,10.0,,80.0,False,False,6.64,0.46,,,,,,,unqualified,stub,liquid_stub,False,False,False,False
006360,GS건설,2026-07-20,2026,건설,10.0,10.0,,80.0,False,False,24.32,0.46,,,,,,,unqualified,stub,liquid_stub,False,False,False,False
007070,GS리테일,2026-07-20,2026,유통,10.0,10.0,,80.0,False,False,51.06,0.68,,,,,,,unqualified,stub,liquid_stub,False,False,False,False
008930,한미사이언스,2026-07-20,2026,기타금융,10.0,10.0,,80.0,False,False,18.56,2.28,,,,,,,unqualified,stub,liquid_stub,False,False,False,False
005290,동진쎄미켐,2026-07-20,2026,화학,10.0,10.0,,80.0,False,False,22.06,2.02,,,,,,,unqualified,stub,liquid_stub,False,False,False,False
357780,솔브레인,2026-07-20,2026,화학,10.0,10.0,,80.0,False,False,27.22,2.03,,,,,,,unqualified,stub,liquid_stub,False,False,False,False
030000,제일기획,2026-07-20,2026,일반서비스,10.0,10.0,,80.0,False,False,9.15,1.21,,,,,,,unqualified,stub,liquid_stub,False,False,False,False
282330,BGF리테일,2026-07-20,2026,유통,10.0,10.0,,80.0,False,False,10.97,1.63,,,,,,,unqualified,stub,liquid_stub,False,False,False,False
139480,이마트,2026-07-20,2026,유통,10.0,10.0,,80.0,False,False,15.26,0.19,,,,,,,unqualified,stub,liquid_stub,False,False,False,False
085620,미래에셋생명,2026-07-20,2026,보험,10.0,10.0,,80.0,False,False,15.59,0.83,,,,,,,unqualified,stub,liquid_stub,False,False,False,False
004370,농심,2026-07-20,2026,음식료·담배,10.0,10.0,,80.0,False,False,11.88,0.72,,,,,,,unqualified,stub,liquid_stub,False,False,False,False
263750,펄어비스,2026-07-20,2026,IT 서비스,10.0,10.0,,80.0,False,False,,2.57,,,,,,,unqualified,stub,liquid_stub,False,False,False,False
018670,SK가스,2026-07-20,2026,유통,10.0,10.0,,80.0,False,False,8.6,0.69,,,,,,,unqualified,stub,liquid_stub,False,False,False,False
319400,현대무벡스,2026-07-20,2026,기계·장비,10.0,10.0,,80.0,False,False,179.9,12.74,,,,,,,unqualified,stub,liquid_stub,False,False,False,False
204320,HL만도,2026-07-20,2026,운송장비·부품,10.0,10.0,,80.0,False,False,20.28,0.75,,,,,,,unqualified,stub,liquid_stub,False,False,False,False
192820,코스맥스,2026-07-20,2026,화학,10.0,10.0,,80.0,False,False,16.35,3.6,,,,,,,unqualified,stub,liquid_stub,False,False,False,False
475150,SK이터닉스,2026-07-20,2026,건설,10.0,10.0,,80.0,False,False,62.79,7.07,,,,,,,unqualified,stub,liquid_stub,False,False,False,False
051600,한전KPS,2026-07-20,2026,건설,10.0,10.0,,80.0,False,False,15.63,1.44,,,,,,,unqualified,stub,liquid_stub,False,False,False,False
002790,아모레퍼시픽홀딩스,2026-07-20,2026,화학,10.0,10.0,,80.0,False,False,18.3,0.64,,,,,,,unqualified,stub,liquid_stub,False,False,False,False
462870,시프트업,2026-07-20,2026,IT 서비스,10.0,10.0,,80.0,False,False,9.7,2.01,,,,,,,unqualified,stub,liquid_stub,False,False,False,False
420770,기가비스,2026-07-20,2026,기계·장비,10.0,10.0,,80.0,False,False,119.36,8.74,,,,,,,unqualified,stub,liquid_stub,False,False,False,False
071970,HD현대마린엔진,2026-07-20,2026,기계·장비,10.0,10.0,,80.0,False,False,11.1,3.75,,,,,,,unqualified,stub,liquid_stub,False,False,False,False
281820,케이씨텍,2026-07-20,2026,의료·정밀기기,10.0,10.0,,80.0,False,False,34.33,3.43,,,,,,,unqualified,stub,liquid_stub,False,False,False,False
008770,호텔신라,2026-07-20,2026,유통,10.0,10.0,,80.0,False,False,,1.57,,,,,,,unqualified,stub,liquid_stub,False,False,False,False
089030,테크윙,2026-07-20,2026,기계·장비,10.0,10.0,,80.0,False,False,186.5,8.15,,,,,,,unqualified,stub,liquid_stub,False,False,False,False
140860,파크시스템스,2026-07-20,2026,의료·정밀기기,10.0,10.0,,80.0,False,False,49.97,7.66,,,,,,,unqualified,stub,liquid_stub,False,False,False,False
073240,금호타이어,2026-07-20,2026,화학,10.0,10.0,,80.0,False,False,4.98,0.85,,,,,,,unqualified,stub,liquid_stub,False,False,False,False
068760,셀트리온제약,2026-07-20,2026,제약,10.0,10.0,,80.0,False,False,44.51,3.96,,,,,,,unqualified,stub,liquid_stub,False,False,False,False
395400,SK리츠,2026-07-20,2026,부동산,10.0,10.0,,80.0,False,False,,,,,,,,,unqualified,stub,liquid_stub,False,False,False,False
098460,고영,2026-07-20,2026,기계·장비,10.0,10.0,,80.0,False,False,111.38,4.91,,,,,,,unqualified,stub,liquid_stub,False,False,False,False
103140,풍산,2026-07-20,2026,금속,10.0,10.0,,80.0,False,False,11.23,0.72,,,,,,,unqualified,stub,liquid_stub,False,False,False,False
439260,대한조선,2026-07-20,2026,운송장비·부품,10.0,10.0,,80.0,False,False,6.1,1.57,,,,,,,unqualified,stub,liquid_stub,False,False,False,False
290650,엘앤씨바이오,2026-07-20,2026,제약,10.0,10.0,,80.0,False,False,,7.73,,,,,,,unqualified,stub,liquid_stub,False,False,False,False
457190,이수스페셜티케미컬,2026-07-20,2026,화학,10.0,10.0,,80.0,False,False,2123.08,12.55,,,,,,,unqualified,stub,liquid_stub,False,False,False,False
112610,씨에스윈드,2026-07-20,2026,금속,10.0,10.0,,80.0,False,False,46.89,1.41,,,,,,,unqualified,stub,liquid_stub,False,False,False,False
000120,CJ대한통운,2026-07-20,2026,운송·창고,10.0,10.0,,80.0,False,False,6.35,0.35,,,,,,,unqualified,stub,liquid_stub,False,False,False,False
00680K,미래에셋증권2우B,2026-07-20,2026,unknown,10.0,10.0,,80.0,False,False,,,,,,,,,unqualified,stub,liquid_stub,False,False,False,False
035900,JYP Ent.,2026-07-20,2026,오락·문화,10.0,10.0,,80.0,False,False,9.28,2.4,,,,,,,unqualified,stub,liquid_stub,False,False,False,False
131970,두산테스나,2026-07-20,2026,일반서비스,10.0,10.0,,80.0,False,False,1053.85,3.62,,,,,,,unqualified,stub,liquid_stub,False,False,False,False
140410,메지온,2026-07-20,2026,일반서비스,10.0,10.0,,80.0,False,False,,91.87,,,,,,,unqualified,stub,liquid_stub,False,False,False,False
032820,우리기술,2026-07-20,2026,전기·전자,10.0,10.0,,80.0,False,False,1852.0,12.26,,,,,,,unqualified,stub,liquid_stub,False,False,False,False
020150,롯데에너지머티리얼즈,2026-07-20,2026,전기·전자,10.0,10.0,,80.0,False,False,,0.95,,,,,,,unqualified,stub,liquid_stub,False,False,False,False
007810,코리아써키트,2026-07-20,2026,전기·전자,10.0,10.0,,80.0,False,False,38.01,4.08,,,,,,,unqualified,stub,liquid_stub,False,False,False,False
041510,에스엠,2026-07-20,2026,오락·문화,10.0,10.0,,80.0,False,False,4.52,1.56,,,,,,,unqualified,stub,liquid_stub,False,False,False,False
000155,두산우,2026-07-20,2026,전기·전자,10.0,10.0,,80.0,False,False,,,,,,,,,unqualified,stub,liquid_stub,False,False,False,False
120110,코오롱인더,2026-07-20,2026,화학,10.0,10.0,,80.0,False,False,228.89,0.4,,,,,,,unqualified,stub,liquid_stub,False,False,False,False
001800,오리온홀딩스,2026-07-20,2026,기타금융,10.0,10.0,,80.0,False,False,12.68,0.62,,,,,,,unqualified,stub,liquid_stub,False,False,False,False
023590,다우기술,2026-07-20,2026,IT서비스/소프트웨어,10.0,10.0,,80.0,False,False,3.01,0.44,,,,,,,unqualified,stub,liquid_stub,False,False,False,False
011210,현대위아,2026-07-20,2026,운송장비·부품,10.0,10.0,,80.0,False,False,15.07,0.41,,,,,,,unqualified,stub,liquid_stub,False,False,False,False
010170,대한광통신,2026-07-20,2026,전기·전자,10.0,10.0,,80.0,False,False,,19.79,,,,,,,unqualified,stub,liquid_stub,False,False,False,False
001740,SK네트웍스,2026-07-20,2026,유통,10.0,10.0,,80.0,False,False,29.18,0.72,,,,,,,unqualified,stub,liquid_stub,False,False,False,False
007390,네이처셀,2026-07-20,2026,제약,10.0,10.0,,80.0,False,False,,23.11,,,,,,,unqualified,stub,liquid_stub,False,False,False,False
096530,씨젠,2026-07-20,2026,제약,10.0,10.0,,80.0,False,False,26.22,1.25,,,,,,,unqualified,stub,liquid_stub,False,False,False,False
001120,LX인터내셔널,2026-07-20,2026,유통,10.0,10.0,,80.0,False,False,9.31,0.48,,,,,,,unqualified,stub,liquid_stub,False,False,False,False
020560,아시아나항공,2026-07-20,2026,운송·창고,10.0,10.0,,80.0,False,False,,1.89,,,,,,,unqualified,stub,liquid_stub,False,False,False,False
006280,녹십자,2026-07-20,2026,제약,10.0,10.0,,80.0,False,False,,1.13,,,,,,,unqualified,stub,liquid_stub,False,False,False,False
069620,대웅제약,2026-07-20,2026,제약,10.0,10.0,,80.0,False,False,7.11,1.38,,,,,,,unqualified,stub,liquid_stub,False,False,False,False
183300,코미코,2026-07-20,2026,기계·장비,10.0,10.0,,80.0,False,False,27.01,4.97,,,,,,,unqualified,stub,liquid_stub,False,False,False,False
058610,에스피지,2026-07-20,2026,전기·전자,10.0,10.0,,80.0,False,False,151.46,5.36,,,,,,,unqualified,stub,liquid_stub,False,False,False,False
060370,LS마린솔루션,2026-07-20,2026,건설,10.0,10.0,,80.0,False,False,120.23,2.09,,,,,,,unqualified,stub,liquid_stub,False,False,False,False
415640,KB발해인프라,2026-07-20,2026,기타금융,10.0,10.0,,80.0,False,False,,,,,,,,,unqualified,stub,liquid_stub,False,False,False,False
089860,롯데렌탈,2026-07-20,2026,일반서비스,10.0,10.0,,80.0,False,False,10.32,0.84,,,,,,,unqualified,stub,liquid_stub,False,False,False,False
009155,삼성전기우,2026-07-20,2026,전기·전자,10.0,10.0,,80.0,False,False,,,,,,,,,unqualified,stub,liquid_stub,False,False,False,False
322000,HD현대에너지솔루션,2026-07-20,2026,전기·전자,10.0,10.0,,80.0,False,False,31.5,3.14,,,,,,,unqualified,stub,liquid_stub,False,False,False,False
097230,HJ중공업,2026-07-20,2026,건설,10.0,10.0,,80.0,False,False,25.37,1.95,,,,,,,unqualified,stub,liquid_stub,False,False,False,False
192080,더블유게임즈,2026-07-20,2026,게임/엔터,10.0,10.0,,80.0,False,False,9.13,0.99,,,,,,,unqualified,stub,liquid_stub,False,False,False,False
0009K0,에임드바이오,2026-07-20,2026,unknown,10.0,10.0,,80.0,False,False,185.65,6.68,,,,,,,unqualified,stub,liquid_stub,False,False,False,False
083650,비에이치아이,2026-07-20,2026,기계·장비,10.0,10.0,,80.0,False,False,19.41,7.13,,,,,,,unqualified,stub,liquid_stub,False,False,False,False
229640,LS에코에너지,2026-07-20,2026,기타금융,10.0,10.0,,80.0,False,False,29.7,5.97,,,,,,,unqualified,stub,liquid_stub,False,False,False,False
298020,효성티앤씨,2026-07-20,2026,화학,10.0,10.0,,80.0,False,False,114.42,0.79,,,,,,,unqualified,stub,liquid_stub,False,False,False,False
294870,IPARK현대산업개발,2026-07-20,2026,건설,10.0,10.0,,80.0,False,False,7.68,0.38,,,,,,,unqualified,stub,liquid_stub,False,False,False,False
007310,오뚜기,2026-07-20,2026,음식료·담배,10.0,10.0,,80.0,False,False,15.31,0.51,,,,,,,unqualified,stub,liquid_stub,False,False,False,False
005070,코스모신소재,2026-07-20,2026,화학,10.0,10.0,,80.0,False,False,,2.4,,,,,,,unqualified,stub,liquid_stub,False,False,False,False
030530,원익홀딩스,2026-07-20,2026,화학,10.0,10.0,,80.0,False,False,43.87,1.2,,,,,,,unqualified,stub,liquid_stub,False,False,False,False
082920,비츠로셀,2026-07-20,2026,전기·전자,10.0,10.0,,80.0,False,False,21.23,3.66,,,,,,,unqualified,stub,liquid_stub,False,False,False,False
012630,HDC,2026-07-20,2026,기타금융,10.0,10.0,,80.0,False,False,3.33,0.34,,,,,,,unqualified,stub,liquid_stub,False,False,False,False
003540,대신증권,2026-07-20,2026,증권,10.0,10.0,,80.0,False,False,10.53,0.48,,,,,,,unqualified,stub,liquid_stub,False,False,False,False
181710,NHN,2026-07-20,2026,IT 서비스,10.0,10.0,,80.0,False,False,35.19,0.76,,,,,,,unqualified,stub,liquid_stub,False,False,False,False
039200,오스코텍,2026-07-20,2026,제약,10.0,10.0,,80.0,False,False,22.08,6.37,,,,,,,unqualified,stub,liquid_stub,False,False,False,False
000815,삼성화재우,2026-07-20,2026,보험,10.0,10.0,,80.0,False,False,,,,,,,,,unqualified,stub,liquid_stub,False,False,False,False
043260,성호전자,2026-07-20,2026,전기·전자,10.0,10.0,,80.0,False,False,12.01,4.56,,,,,,,unqualified,stub,liquid_stub,False,False,False,False
004000,롯데정밀화학,2026-07-20,2026,화학,10.0,10.0,,80.0,False,False,10.84,0.47,,,,,,,unqualified,stub,liquid_stub,False,False,False,False
001430,세아베스틸지주,2026-07-20,2026,금속,10.0,10.0,,80.0,False,False,20.45,0.59,,,,,,,unqualified,stub,liquid_stub,False,False,False,False
361610,SK아이이테크놀로지,2026-07-20,2026,전기·전자,10.0,10.0,,80.0,False,False,,0.44,,,,,,,unqualified,stub,liquid_stub,False,False,False,False
093370,후성,2026-07-20,2026,화학,10.0,10.0,,80.0,False,False,212.6,3.41,,,,,,,unqualified,stub,liquid_stub,False,False,False,False
078600,대주전자재료,2026-07-20,2026,전기·전자,10.0,10.0,,80.0,False,False,53.09,4.36,,,,,,,unqualified,stub,liquid_stub,False,False,False,False
017960,한국카본,2026-07-20,2026,금속,10.0,10.0,,80.0,False,False,10.84,1.92,,,,,,,unqualified,stub,liquid_stub,False,False,False,False
218410,RFHIC,2026-07-20,2026,전기·전자,10.0,10.0,,80.0,False,False,38.28,3.24,,,,,,,unqualified,stub,liquid_stub,False,False,False,False
127120,제이에스링크,2026-07-20,2026,일반서비스,10.0,10.0,,80.0,False,False,,15.09,,,,,,,unqualified,stub,liquid_stub,False,False,False,False
458870,씨어스,2026-07-20,2026,의료·정밀기기,10.0,10.0,,80.0,False,False,68.15,27.93,,,,,,,unqualified,stub,liquid_stub,False,False,False,False
003570,SNT다이내믹스,2026-07-20,2026,운송장비·부품,10.0,10.0,,80.0,False,False,12.18,0.9,,,,,,,unqualified,stub,liquid_stub,False,False,False,False
066575,LG전자우,2026-07-20,2026,전기·전자,10.0,10.0,,80.0,False,False,,,,,,,,,unqualified,stub,liquid_stub,False,False,False,False
195940,HK이노엔,2026-07-20,2026,제약,10.0,10.0,,80.0,False,False,14.11,0.8,,,,,,,unqualified,stub,liquid_stub,False,False,False,False
003380,하림지주,2026-07-20,2026,금융,10.0,10.0,,80.0,False,False,4.03,0.29,,,,,,,unqualified,stub,liquid_stub,False,False,False,False
166090,하나머티리얼즈,2026-07-20,2026,전기·전자,10.0,10.0,,80.0,False,False,26.81,2.21,,,,,,,unqualified,stub,liquid_stub,False,False,False,False
000080,하이트진로,2026-07-20,2026,음식료·담배,10.0,10.0,,80.0,False,False,25.02,0.93,,,,,,,unqualified,stub,liquid_stub,False,False,False,False
300720,한일시멘트,2026-07-20,2026,비금속,10.0,10.0,,80.0,False,False,13.2,0.55,,,,,,,unqualified,stub,liquid_stub,False,False,False,False
031330,에스에이엠티,2026-07-20,2026,유통,10.0,10.0,,80.0,False,False,13.1,2.04,,,,,,,unqualified,stub,liquid_stub,False,False,False,False
323280,태성,2026-07-20,2026,기계·장비,10.0,10.0,,80.0,False,False,,7.8,,,,,,,unqualified,stub,liquid_stub,False,False,False,False
003090,대웅,2026-07-20,2026,제약,10.0,10.0,,80.0,False,False,3.81,0.57,,,,,,,unqualified,stub,liquid_stub,False,False,False,False
036540,SFA반도체,2026-07-20,2026,전기·전자,10.0,10.0,,80.0,False,False,,1.95,,,,,,,unqualified,stub,liquid_stub,False,False,False,False
000210,DL,2026-07-20,2026,화학,10.0,10.0,,80.0,False,False,,0.25,,,,,,,unqualified,stub,liquid_stub,False,False,False,False
003240,태광산업,2026-07-20,2026,화학,10.0,10.0,,80.0,False,False,8.79,0.18,,,,,,,unqualified,stub,liquid_stub,False,False,False,False
077970,STX엔진,2026-07-20,2026,기계·장비,10.0,10.0,,80.0,False,False,12.91,2.71,,,,,,,unqualified,stub,liquid_stub,False,False,False,False
003530,한화투자증권,2026-07-20,2026,증권,10.0,10.0,,80.0,False,False,9.25,0.46,,,,,,,unqualified,stub,liquid_stub,False,False,False,False
185750,종근당,2026-07-20,2026,제약,10.0,10.0,,80.0,False,False,11.44,0.88,,,,,,,unqualified,stub,liquid_stub,False,False,False,False
280360,롯데웰푸드,2026-07-20,2026,음식료·담배,10.0,10.0,,80.0,False,False,12.17,0.4,,,,,,,unqualified,stub,liquid_stub,False,False,False,False
005300,롯데칠성,2026-07-20,2026,음식료·담배,10.0,10.0,,80.0,False,False,21.03,0.65,,,,,,,unqualified,stub,liquid_stub,False,False,False,False
034230,파라다이스,2026-07-20,2026,오락·문화,10.0,10.0,,80.0,False,False,9.07,0.5,,,,,,,unqualified,stub,liquid_stub,False,False,False,False
475830,오름테라퓨틱,2026-07-20,2026,제약,10.0,10.0,,80.0,False,False,,6.85,,,,,,,unqualified,stub,liquid_stub,False,False,False,False
006120,SK디스커버리,2026-07-20,2026,기타금융,10.0,10.0,,80.0,False,False,7.46,0.33,,,,,,,unqualified,stub,liquid_stub,False,False,False,False
195870,해성디에스,2026-07-20,2026,전기·전자,10.0,10.0,,80.0,False,False,37.69,1.59,,,,,,,unqualified,stub,liquid_stub,False,False,False,False
009450,경동나비엔,2026-07-20,2026,전기·전자,10.0,10.0,,80.0,False,False,10.1,1.18,,,,,,,unqualified,stub,liquid_stub,False,False,False,False
252990,샘씨엔에스,2026-07-20,2026,전기·전자,10.0,10.0,,80.0,False,False,58.71,5.42,,,,,,,unqualified,stub,liquid_stub,False,False,False,False
491000,리브스메드,2026-07-20,2026,의료·정밀기기,10.0,10.0,,80.0,False,False,,4.89,,,,,,,unqualified,stub,liquid_stub,False,False,False,False
051915,LG화학우,2026-07-20,2026,화학,10.0,10.0,,80.0,False,False,,,,,,,,,unqualified,stub,liquid_stub,False,False,False,False
032350,롯데관광개발,2026-07-20,2026,일반서비스,10.0,10.0,,80.0,False,False,30.87,2.35,,,,,,,unqualified,stub,liquid_stub,False,False,False,False
347700,스피어,2026-07-20,2026,IT 서비스,10.0,10.0,,80.0,False,False,3586.0,12.08,,,,,,,unqualified,stub,liquid_stub,False,False,False,False
006340,대원전선,2026-07-20,2026,전기·전자,10.0,10.0,,80.0,False,False,96.81,7.16,,,,,,,unqualified,stub,liquid_stub,False,False,False,False
437730,삼현,2026-07-20,2026,운송장비·부품,10.0,10.0,,80.0,False,False,86.64,6.38,,,,,,,unqualified,stub,liquid_stub,False,False,False,False
071055,한국금융지주우,2026-07-20,2026,기타금융,10.0,10.0,,80.0,False,False,,,,,,,,,unqualified,stub,liquid_stub,False,False,False,False
001820,삼화콘덴서,2026-07-20,2026,전기·전자,10.0,10.0,,80.0,False,False,65.52,3.0,,,,,,,unqualified,stub,liquid_stub,False,False,False,False
101490,에스앤에스텍,2026-07-20,2026,전기·전자,10.0,10.0,,80.0,False,False,14.16,2.72,,,,,,,unqualified,stub,liquid_stub,False,False,False,False
241710,코스메카코리아,2026-07-20,2026,화학,10.0,10.0,,80.0,False,False,18.21,3.28,,,,,,,unqualified,stub,liquid_stub,False,False,False,False
003470,유안타증권,2026-07-20,2026,증권,10.0,10.0,,80.0,False,False,9.8,0.47,,,,,,,unqualified,stub,liquid_stub,False,False,False,False
204270,제이앤티씨,2026-07-20,2026,전기·전자,10.0,10.0,,80.0,False,False,,3.29,,,,,,,unqualified,stub,liquid_stub,False,False,False,False
009240,한샘,2026-07-20,2026,유통,10.0,10.0,,80.0,False,False,12.71,1.48,,,,,,,unqualified,stub,liquid_stub,False,False,False,False
086450,동국제약,2026-07-20,2026,제약,10.0,10.0,,80.0,False,False,12.34,1.25,,,,,,,unqualified,stub,liquid_stub,False,False,False,False
099320,쎄트렉아이,2026-07-20,2026,운송장비·부품,10.0,10.0,,80.0,False,False,53.15,3.26,,,,,,,unqualified,stub,liquid_stub,False,False,False,False
376900,로킷헬스케어,2026-07-20,2026,제약,10.0,10.0,,80.0,False,False,,82.97,,,,,,,unqualified,stub,liquid_stub,False,False,False,False
293490,카카오게임즈,2026-07-20,2026,IT 서비스,10.0,10.0,,80.0,False,False,,0.57,,,,,,,unqualified,stub,liquid_stub,False,False,False,False
388210,씨엠티엑스,2026-07-20,2026,전기·전자,10.0,10.0,,80.0,False,False,,4.65,,,,,,,unqualified,stub,liquid_stub,False,False,False,False
100090,SK오션플랜트,2026-07-20,2026,금속,10.0,10.0,,80.0,False,False,20.75,0.99,,,,,,,unqualified,stub,liquid_stub,False,False,False,False
085660,차바이오텍,2026-07-20,2026,제약,10.0,10.0,,80.0,False,False,,2.34,,,,,,,unqualified,stub,liquid_stub,False,False,False,False
019210,와이지-원,2026-07-20,2026,금속,10.0,10.0,,80.0,False,False,28.94,1.85,,,,,,,unqualified,stub,liquid_stub,False,False,False,False
365550,ESR켄달스퀘어리츠,2026-07-20,2026,부동산,10.0,10.0,,80.0,False,False,,,,,,,,,unqualified,stub,liquid_stub,False,False,False,False
083450,GST,2026-07-20,2026,기계·장비,10.0,10.0,,80.0,False,False,17.05,2.57,,,,,,,unqualified,stub,liquid_stub,False,False,False,False
456040,OCI,2026-07-20,2026,화학,10.0,10.0,,80.0,False,False,,0.68,,,,,,,unqualified,stub,liquid_stub,False,False,False,False
232140,와이씨,2026-07-20,2026,기계·장비,10.0,10.0,,80.0,False,False,39.58,2.11,,,,,,,unqualified,stub,liquid_stub,False,False,False,False
038500,삼표시멘트,2026-07-20,2026,비금속,10.0,10.0,,80.0,False,False,19.0,0.99,,,,,,,unqualified,stub,liquid_stub,False,False,False,False
499790,GS피앤엘,2026-07-20,2026,기타금융,10.0,10.0,,80.0,False,False,39.33,0.89,,,,,,,unqualified,stub,liquid_stub,False,False,False,False
004490,세방전지,2026-07-20,2026,전기·전자,10.0,10.0,,80.0,False,False,5.06,0.44,,,,,,,unqualified,stub,liquid_stub,False,False,False,False
214320,이노션,2026-07-20,2026,광고/미디어,10.0,10.0,,80.0,False,False,8.11,0.7,,,,,,,unqualified,stub,liquid_stub,False,False,False,False
281740,레이크머티리얼즈,2026-07-20,2026,화학,10.0,10.0,,80.0,False,False,95.3,5.44,,,,,,,unqualified,stub,liquid_stub,False,False,False,False
417200,LS머트리얼즈,2026-07-20,2026,전기·전자,10.0,10.0,,80.0,False,False,1793.33,3.93,,,,,,,unqualified,stub,liquid_stub,False,False,False,False
000400,롯데손해보험,2026-07-20,2026,보험,10.0,10.0,,80.0,False,False,15.06,1.2,,,,,,,unqualified,stub,liquid_stub,False,False,False,False
079160,CJ CGV,2026-07-20,2026,오락·문화,10.0,10.0,,80.0,False,False,,1.29,,,,,,,unqualified,stub,liquid_stub,False,False,False,False
213420,덕산네오룩스,2026-07-20,2026,전기·전자,10.0,10.0,,80.0,False,False,13.49,1.59,,,,,,,unqualified,stub,liquid_stub,False,False,False,False
074600,원익QnC,2026-07-20,2026,비금속,10.0,10.0,,80.0,False,False,32.24,1.49,,,,,,,unqualified,stub,liquid_stub,False,False,False,False
122870,와이지엔터테인먼트,2026-07-20,2026,오락·문화,10.0,10.0,,80.0,False,False,19.3,1.39,,,,,,,unqualified,stub,liquid_stub,False,False,False,False
090710,휴림로봇,2026-07-20,2026,기계·장비,10.0,10.0,,80.0,False,False,,5.66,,,,,,,unqualified,stub,liquid_stub,False,False,False,False
056190,SFA,2026-07-20,2026,기계·장비,10.0,10.0,,80.0,False,False,10.32,0.61,,,,,,,unqualified,stub,liquid_stub,False,False,False,False
065350,신성델타테크,2026-07-20,2026,전기·전자,10.0,10.0,,80.0,False,False,32.12,2.83,,,,,,,unqualified,stub,liquid_stub,False,False,False,False
100790,미래에셋벤처투자,2026-07-20,2026,금융,10.0,10.0,,80.0,False,False,22.89,1.87,,,,,,,unqualified,stub,liquid_stub,False,False,False,False
075580,세진중공업,2026-07-20,2026,운송장비·부품,10.0,10.0,,80.0,False,False,13.54,3.0,,,,,,,unqualified,stub,liquid_stub,False,False,False,False
388720,유일로보틱스,2026-07-20,2026,기계·장비,10.0,10.0,,80.0,False,False,,7.5,,,,,,,unqualified,stub,liquid_stub,False,False,False,False
328130,루닛,2026-07-20,2026,IT 서비스,10.0,10.0,,80.0,False,False,,4.25,,,,,,,unqualified,stub,liquid_stub,False,False,False,False
041830,인바디,2026-07-20,2026,의료·정밀기기,10.0,10.0,,80.0,False,False,21.01,2.14,,,,,,,unqualified,stub,liquid_stub,False,False,False,False
137400,피엔티,2026-07-20,2026,기계·장비,10.0,10.0,,80.0,False,False,8.67,1.01,,,,,,,unqualified,stub,liquid_stub,False,False,False,False
032190,다우데이타,2026-07-20,2026,유통,10.0,10.0,,80.0,False,False,3.05,0.42,,,,,,,unqualified,stub,liquid_stub,False,False,False,False
000370,한화손해보험,2026-07-20,2026,보험,10.0,10.0,,80.0,False,False,3.03,0.32,,,,,,,unqualified,stub,liquid_stub,False,False,False,False
064960,SNT모티브,2026-07-20,2026,운송장비·부품,10.0,10.0,,80.0,False,False,8.49,0.58,,,,,,,unqualified,stub,liquid_stub,False,False,False,False
285130,SK케미칼,2026-07-20,2026,화학,10.0,10.0,,80.0,False,False,16.33,0.32,,,,,,,unqualified,stub,liquid_stub,False,False,False,False
248070,솔루엠,2026-07-20,2026,전기·전자,10.0,10.0,,80.0,False,False,48.68,1.37,,,,,,,unqualified,stub,liquid_stub,False,False,False,False
033100,제룡전기,2026-07-20,2026,전기·전자,10.0,10.0,,80.0,False,False,11.05,2.71,,,,,,,unqualified,stub,liquid_stub,False,False,False,False
014620,성광벤드,2026-07-20,2026,금속,10.0,10.0,,80.0,False,False,18.81,1.18,,,,,,,unqualified,stub,liquid_stub,False,False,False,False
298050,HS효성첨단소재,2026-07-20,2026,화학,10.0,10.0,,80.0,False,False,,0.79,,,,,,,unqualified,stub,liquid_stub,False,False,False,False
006650,대한유화,2026-07-20,2026,화학,10.0,10.0,,80.0,False,False,18.84,0.33,,,,,,,unqualified,stub,liquid_stub,False,False,False,False
000670,영풍,2026-07-20,2026,금속,10.0,10.0,,80.0,False,False,,0.17,,,,,,,unqualified,stub,liquid_stub,False,False,False,False
005690,파미셀,2026-07-20,2026,전기·전자,10.0,10.0,,80.0,False,False,15.77,5.13,,,,,,,unqualified,stub,liquid_stub,False,False,False,False
093320,케이아이엔엑스,2026-07-20,2026,IT 서비스,10.0,10.0,,80.0,False,False,36.94,3.09,,,,,,,unqualified,stub,liquid_stub,False,False,False,False
035760,CJ ENM,2026-07-20,2026,오락·문화,10.0,10.0,,80.0,False,False,20.29,0.21,,,,,,,unqualified,stub,liquid_stub,False,False,False,False
069260,TKG휴켐스,2026-07-20,2026,화학,10.0,10.0,,80.0,False,False,9.78,0.65,,,,,,,unqualified,stub,liquid_stub,False,False,False,False
189300,인텔리안테크,2026-07-20,2026,전기·전자,10.0,10.0,,80.0,False,False,80.11,2.22,,,,,,,unqualified,stub,liquid_stub,False,False,False,False
115180,큐리언트,2026-07-20,2026,일반서비스,10.0,10.0,,80.0,False,False,,17.88,,,,,,,unqualified,stub,liquid_stub,False,False,False,False
025540,한국단자,2026-07-20,2026,전자부품/커넥터,10.0,10.0,,80.0,False,False,5.85,0.53,,,,,,,unqualified,stub,liquid_stub,False,False,False,False
445680,큐리옥스바이오시스템즈,2026-07-20,2026,의료·정밀기기,10.0,10.0,,80.0,False,False,,11.56,,,,,,,unqualified,stub,liquid_stub,False,False,False,False
108320,LX세미콘,2026-07-20,2026,전기·전자,10.0,10.0,,80.0,False,False,7.3,0.54,,,,,,,unqualified,stub,liquid_stub,False,False,False,False
036830,솔브레인홀딩스,2026-07-20,2026,일반서비스,10.0,10.0,,80.0,False,False,1.21,0.34,,,,,,,unqualified,stub,liquid_stub,False,False,False,False
006730,서부T&D,2026-07-20,2026,일반서비스,10.0,10.0,,80.0,False,False,7.55,0.56,,,,,,,unqualified,stub,liquid_stub,False,False,False,False
161580,필옵틱스,2026-07-20,2026,기계·장비,10.0,10.0,,80.0,False,False,,5.11,,,,,,,unqualified,stub,liquid_stub,False,False,False,False
094170,동운아나텍,2026-07-20,2026,전기·전자,10.0,10.0,,80.0,False,False,552.88,8.4,,,,,,,unqualified,stub,liquid_stub,False,False,False,False
005180,빙그레,2026-07-20,2026,음식료·담배,10.0,10.0,,80.0,False,False,10.38,0.78,,,,,,,unqualified,stub,liquid_stub,False,False,False,False
253450,스튜디오드래곤,2026-07-20,2026,오락·문화,10.0,10.0,,80.0,False,False,58.02,0.75,,,,,,,unqualified,stub,liquid_stub,False,False,False,False
001680,대상,2026-07-20,2026,음식료·담배,10.0,10.0,,80.0,False,False,,0.58,,,,,,,unqualified,stub,liquid_stub,False,False,False,False
293940,신한알파리츠,2026-07-20,2026,부동산,10.0,10.0,,80.0,False,False,,,,,,,,,unqualified,stub,liquid_stub,False,False,False,False
476060,온코닉테라퓨틱스,2026-07-20,2026,일반서비스,10.0,10.0,,80.0,False,False,36.88,8.18,,,,,,,unqualified,stub,liquid_stub,False,False,False,False
476830,알지노믹스,2026-07-21,2026,일반서비스,10.0,10.0,,80.0,False,False,,12.99,,,,,,,unqualified,stub,liquid_stub,False,False,False,False
490470,세미파이브,2026-07-21,2026,일반서비스,10.0,10.0,,80.0,False,False,,2.69,,,,,,,unqualified,stub,liquid_stub,False,False,False,False
032500,케이엠더블유,2026-07-21,2026,전기·전자,10.0,10.0,,80.0,False,False,,5.2,,,,,,,unqualified,stub,liquid_stub,False,False,False,False
119850,지엔씨에너지,2026-07-23,2026,전기·전자,10.0,10.0,,80.0,False,False,17.76,3.37,,,,,,,unqualified,stub,liquid_stub,False,False,False,False
005090,SGC에너지,2026-07-23,2026,전기·가스,10.0,10.0,,80.0,False,False,,1.12,,,,,,,unqualified,stub,liquid_stub,False,False,False,False
466100,클로봇,2026-07-23,2026,IT 서비스,10.0,10.0,,80.0,False,False,,11.5,,,,,,,unqualified,stub,liquid_stub,False,False,False,False
090360,로보스타,2026-07-23,2026,기계·장비,10.0,10.0,,80.0,False,False,,7.57,,,,,,,unqualified,stub,liquid_stub,False,False,False,False
102710,이엔에프테크놀로지,2026-07-23,2026,화학,10.0,10.0,,80.0,False,False,12.43,1.44,,,,,,,unqualified,stub,liquid_stub,False,False,False,False
00088K,한화3우B,2026-07-23,2026,unknown,10.0,10.0,,80.0,False,False,,,,,,,,,unqualified,stub,liquid_stub,False,False,False,False
048410,현대바이오,2026-07-23,2026,화학,10.0,10.0,,80.0,False,False,,5.68,,,,,,,unqualified,stub,liquid_stub,False,False,False,False
023160,태광,2026-07-24,2026,금속,10.0,10.0,,80.0,False,False,9.74,1.0,,,,,,,unqualified,stub,liquid_stub,False,False,False,False
