ticker,as_of,close,market_cap,volume,trading_value,avg_trading_value_20d,high_52w,low_52w,return_6m,volatility_1y,beta_kospi200
000080,2026-07-28,15320.0,1072342912190.0,7762,118913840.0,1792979115.25,21450.0,14260.0,-0.1503,20.99,
000100,2026-07-28,71100.0,5734627272000.0,20092,1428541200.0,20068842152.5,135800.0,66400.0,-0.338,43.83,
000120,2026-07-28,74400.0,1710925800000.0,2589,192621600.0,3727681200.0,145700.0,71300.0,-0.2322,43.79,
000150,2026-07-28,1140000.0,19384020495000.0,6760,7706400000.0,106525329350.0,2203000.0,508000.0,0.3287,83.27,
000155,2026-07-28,391000.0,1670521116000.0,926,362066000.0,4031863937.5,736000.0,321000.0,-0.2552,74.35,
000210,2026-07-28,46750.0,1015312579800.0,2137,99904750.0,4530377855.0,76800.0,34600.0,0.2618,64.53,
000240,2026-07-28,24800.0,2378127762000.0,3747,92925600.0,2341455357.5,34650.0,21300.0,-0.0729,51.8,
000250,2026-07-28,141000.0,3504546316800.0,32160,4534560000.0,44898545677.5,1184000.0,141000.0,-0.4873,111.39,
000270,2026-07-28,125200.0,50909854939200.0,122397,15324104400.0,157423092222.05,206000.0,97800.0,-0.2361,54.88,
000370,2026-07-28,5680.0,685257431050.0,13620,77361600.0,2037022679.75,9300.0,5100.0,-0.0018,62.16,
000400,2026-07-28,2100.0,659464680000.0,89522,187996200.0,3774658628.3,2725.0,1591.0,0.2522,70.46,
000500,2026-07-28,161600.0,5437391038200.0,32794,5299510400.0,59230471332.5,313406.0,29840.0,2.144,118.69,
000660,2026-07-28,1636000.0,1294267494840000.0,826936,1352867296000.0,12395567463819.55,2919000.0,245000.0,1.2019,81.28,
000670,2026-07-28,33800.0,643453370850.0,709,23964200.0,1092498180.0,70000.0,33650.0,-0.367,55.26,
000720,2026-07-28,97100.0,11536457254000.0,39183,3804669300.0,57202004382.5,188700.0,54400.0,-0.0976,80.72,
000810,2026-07-28,628000.0,28797620085000.0,5270,3309560000.0,73978723856.35,730000.0,417500.0,0.2535,59.35,
000815,2026-07-28,388000.0,1187772900000.0,1097,425636000.0,4889559755.5,452000.0,320500.0,0.0388,31.18,
000880,2026-07-28,89900.0,6613642802200.0,7958,715424200.0,16527232630.0,150900.0,76600.0,-0.2785,67.83,
00088K,2026-07-28,32200.0,651018995550.0,2981,95988200.0,1346367461.25,56100.0,29050.0,-0.3748,58.55,
000990,2026-07-28,88900.0,4293902835600.0,42009,3734600100.0,71047011860.0,220500.0,43000.0,0.0496,82.16,
0009K0,2026-07-28,20950.0,1422765542000.0,7113,149017350.0,4170886481.75,72500.0,19350.0,-0.6239,108.88,
001040,2026-07-28,129900.0,3906800032200.0,3501,454779900.0,16457646487.5,232000.0,128700.0,-0.3145,55.96,
001120,2026-07-28,36800.0,1461252000000.0,2803,103150400.0,3837547913.75,56700.0,29150.0,-0.0226,41.78,
001430,2026-07-28,34350.0,1298208707800.0,7853,269750550.0,4654904571.25,90300.0,23500.0,-0.5333,82.27,
001440,2026-07-28,26200.0,5585788986000.0,214379,5616729800.0,76443353647.5,72300.0,14840.0,-0.0626,81.75,
001450,2026-07-28,38800.0,3388617937500.0,26631,1033282800.0,16150665091.6,41250.0,25750.0,0.3982,45.34,
001680,2026-07-28,17880.0,620892608000.0,2262,40444560.0,1105410671.5,24600.0,15980.0,-0.1836,27.99,
001720,2026-07-28,139900.0,2406816000000.0,730,102127000.0,1735673147.5,255000.0,119000.0,-0.1201,67.34,
001740,2026-07-28,7280.0,1566638273090.0,224257,1632590960.0,19970569432.25,14290.0,4295.0,0.5809,78.26,
001800,2026-07-28,25950.0,1561065119400.0,1649,42791550.0,2268819403.75,28300.0,18690.0,0.2299,40.76,
001820,2026-07-28,73700.0,857587500000.0,41949,3091641300.0,76976796782.5,190100.0,25300.0,1.4983,107.0,
002380,2026-07-28,392500.0,3583237632000.0,1802,707285000.0,12275105987.5,680000.0,350500.0,-0.1039,62.29,
002790,2026-07-28,24650.0,1903808682000.0,5751,141762150.0,3037379375.0,35050.0,20450.0,-0.0519,46.38,
003090,2026-07-28,16970.0,986669400600.0,2492,42289240.0,1126597344.5,29350.0,15850.0,-0.2373,48.0,
003230,2026-07-28,1204000.0,9190278300000.0,3001,3613204000.0,59493100600.0,1630000.0,1022000.0,-0.0155,49.55,
003240,2026-07-28,876000.0,996493000000.0,48,42048000.0,2297945825.0,1570000.0,709000.0,0.1603,61.79,
003380,2026-07-28,9480.0,1086454523700.0,46562,441407760.0,5801341866.75,19610.0,7130.0,-0.1467,76.15,
003470,2026-07-28,4355.0,866097058490.0,42543,185274765.0,1952547353.5,7830.0,3360.0,0.1067,61.39,
003490,2026-07-28,25850.0,9739436483450.0,266851,6898098350.0,84802271218.75,30000.0,21000.0,0.0573,44.68,
003530,2026-07-28,4150.0,924700910250.0,142678,592113700.0,4961746638.05,9560.0,4150.0,-0.1766,77.19,
003540,2026-07-28,25300.0,1239319276000.0,14039,355186700.0,2305240092.5,49000.0,23650.0,-0.0899,54.26,
003550,2026-07-28,94600.0,14771458790800.0,16082,1521357200.0,34815245397.5,165800.0,71300.0,0.0605,60.26,
003570,2026-07-28,32850.0,1117290619200.0,1704,55976400.0,2326222147.5,74600.0,32200.0,-0.3871,61.77,
003670,2026-07-28,137500.0,12772677192000.0,18896,2598200000.0,46819821325.0,296000.0,129600.0,-0.3293,70.75,
003690,2026-07-28,13700.0,2465258382450.0,36178,495638600.0,4108573722.75,14540.0,10290.0,0.221,35.39,
004000,2026-07-28,45150.0,1191960000000.0,2571,116080650.0,2752374765.0,71200.0,40350.0,0.0112,44.7,
004020,2026-07-28,26600.0,3703120533750.0,26887,715194200.0,14631475078.75,46500.0,25250.0,-0.1596,60.07,
004170,2026-07-28,494500.0,4883158577000.0,2760,1364820000.0,50955801162.5,776000.0,161200.0,0.7504,62.17,
004370,2026-07-28,381000.0,2290114713000.0,2956,1126236000.0,8183208375.0,522000.0,329500.0,-0.083,37.23,
004490,2026-07-28,50800.0,726264000000.0,3529,179273200.0,2255984922.5,74400.0,49250.0,-0.1975,39.53,
004800,2026-07-28,143600.0,2546215904700.0,1348,193572800.0,4450252572.5,276000.0,76800.0,-0.0991,77.04,
004990,2026-07-28,23400.0,2337115547200.0,7680,179712000.0,3731081251.25,38600.0,22200.0,-0.2,46.02,
005070,2026-07-28,33700.0,1165831442100.0,7321,246717700.0,4977177450.0,65500.0,33700.0,-0.2698,71.99,
005090,2026-07-28,41150.0,627526452150.0,30826,1268489900.0,5245700006.25,68600.0,20500.0,0.9736,84.0,
005180,2026-07-28,66600.0,622878883200.0,962,64069200.0,1371585277.5,88200.0,61900.0,-0.1328,31.77,
005290,2026-07-28,38900.0,2166230355000.0,45621,1774656900.0,23124880170.0,66000.0,28000.0,-0.0139,72.81,
005300,2026-07-28,99900.0,936239395600.0,749,74825100.0,1868656715.0,148200.0,95900.0,-0.2327,34.04,
005380,2026-07-28,381000.0,82517379698000.0,87383,33292923000.0,414360453890.75,750000.0,206500.0,-0.2046,65.35,
005385,2026-07-28,189100.0,4577162256000.0,6835,1292498500.0,20606329910.0,321500.0,158900.0,-0.3342,52.07,
005387,2026-07-28,189000.0,6852930280000.0,13628,2575692000.0,32185485385.3,323500.0,162000.0,-0.3516,52.46,
005440,2026-07-28,11920.0,2272291295610.0,31504,375527680.0,3971135817.25,18750.0,7290.0,0.3942,61.2,
005490,2026-07-28,303500.0,25040322532000.0,32852,9970582000.0,97944703200.0,535000.0,263000.0,-0.151,50.52,
005690,2026-07-28,10170.0,642042949800.0,75923,772136910.0,7134300590.0,20250.0,10170.0,-0.2254,77.2,
005830,2026-07-28,162300.0,10702757026600.0,8840,1434732000.0,35249038186.9,205500.0,119300.0,0.2591,43.11,
005850,2026-07-28,53200.0,2554668600000.0,5748,305793600.0,6242502781.4,76200.0,31650.0,0.0661,70.18,
005930,2026-07-28,233500.0,1484954766432000.0,3747785,875107797500.0,7911906902346.05,362500.0,64700.0,0.6081,65.67,
005935,2026-07-28,167000.0,144266342299400.0,469345,78380615000.0,754010736540.6,235000.0,53900.0,0.5593,62.19,
005940,2026-07-28,28250.0,10799278571250.0,35815,1011773750.0,22359564631.25,39200.0,18660.0,0.2336,57.06,
006040,2026-07-28,35150.0,1551549787850.0,1479,51986850.0,1809469333.75,50000.0,30050.0,-0.152,40.14,
006120,2026-07-28,50700.0,903773676900.0,1150,58305000.0,2337985852.5,68200.0,43100.0,-0.1875,52.29,
006260,2026-07-28,277500.0,9516000000000.0,11254,3122985000.0,55375813300.0,553000.0,150800.0,0.25,72.33,
006280,2026-07-28,122100.0,1446793404400.0,1457,177899700.0,5383878810.0,180300.0,117900.0,-0.2297,45.2,
006340,2026-07-28,13390.0,1096233535680.0,1999994,26779919660.0,197838021901.75,18040.0,2770.0,2.547,107.18,
006360,2026-07-28,26900.0,2490421359000.0,396209,10658022100.0,86083551645.0,43100.0,18070.0,0.4301,78.31,
006400,2026-07-28,402000.0,34732363430000.0,43070,17314140000.0,222275045575.0,712000.0,176100.0,0.2331,70.94,
006650,2026-07-28,93000.0,630500000000.0,1450,134850000.0,2528933492.5,190700.0,93000.0,-0.4073,70.6,
006730,2026-07-28,9870.0,651125229990.0,28771,283969770.0,5574200782.75,18580.0,8350.0,-0.292,64.12,
006800,2026-07-28,34250.0,20731952904000.0,144715,4956488750.0,85501217003.75,83800.0,17713.0,0.1205,82.58,
00680K,2026-07-28,11200.0,1655745000000.0,22754,254844800.0,7367908976.0,23800.0,7632.0,-0.1074,71.54,
007070,2026-07-28,25250.0,2131989082500.0,8809,222427250.0,4505168797.5,29450.0,15700.0,0.1967,43.23,
007310,2026-07-28,321000.0,1272486025000.0,192,61632000.0,1503788387.5,433000.0,295000.0,-0.1727,24.4,
007340,2026-07-28,37300.0,2243891672750.0,6312,235437600.0,7067038480.0,51200.0,22100.0,0.492,63.76,
007390,2026-07-28,23100.0,1556106602400.0,35238,813997800.0,11112199061.25,37800.0,16900.0,0.1493,97.2,
007660,2026-07-28,76800.0,6298510990200.0,90483,6949094400.0,114575064580.0,161400.0,55300.0,-0.3173,84.71,
007810,2026-07-28,51000.0,1357416292000.0,37573,1916223000.0,23653075665.0,141900.0,11290.0,-0.1542,98.15,
008770,2026-07-28,47250.0,1868210559600.0,25388,1199583000.0,12978175688.05,69400.0,40400.0,0.0205,46.43,
008930,2026-07-28,34950.0,2427900025000.0,6645,232242750.0,7053008336.25,51900.0,26100.0,-0.1349,53.83,
009150,2026-07-28,1180000.0,98969147200000.0,80408,94881440000.0,1518337710136.4,2270000.0,134500.0,3.1844,81.86,
009155,2026-07-28,405000.0,1319770736000.0,6575,2662875000.0,37455123362.5,954000.0,61900.0,2.2609,89.76,
009240,2026-07-28,38250.0,910763013600.0,1909,73019250.0,1646686770.0,51400.0,28550.0,-0.1481,38.71,
009420,2026-07-28,46350.0,2481430305000.0,13482,624890700.0,28853701197.5,70700.0,25700.0,-0.0636,91.88,
009450,2026-07-28,63000.0,935303606400.0,1708,107604000.0,2023496927.5,92900.0,53600.0,0.1111,48.04,
009540,2026-07-28,366500.0,26787624406000.0,18901,6927216500.0,75647018062.4,479500.0,327000.0,-0.1727,53.08,
009830,2026-07-28,24500.0,4503584443200.0,461568,11308416000.0,88058274751.25,55179.0,24500.0,-0.0756,86.12,
009970,2026-07-28,202000.0,2636101759500.0,444,89688000.0,2610110865.0,250000.0,120700.0,0.0913,50.17,
010060,2026-07-28,186000.0,3846067792000.0,44708,8315688000.0,58614217340.0,388000.0,84800.0,0.6146,104.3,
010120,2026-07-28,181700.0,30000000000000.0,91078,16548872600.0,217408137345.0,318500.0,51900.0,0.7305,81.71,
010130,2026-07-28,976000.0,21478285101000.0,1174,1145824000.0,17343538750.0,2115000.0,759000.0,-0.3979,75.06,
010140,2026-07-28,21550.0,19932000000000.0,383000,8253650000.0,88664649943.75,34400.0,17900.0,-0.3015,57.59,
010170,2026-07-28,8930.0,1514430328400.0,829357,7406158010.0,96052816927.75,29100.0,848.0,1.7604,143.38,
010950,2026-07-28,134800.0,15356292828800.0,22315,3008062000.0,67443560505.0,151200.0,57800.0,0.4879,61.4,
011070,2026-07-28,530000.0,14531603698000.0,38233,20263490000.0,205692135625.0,1530000.0,151900.0,0.8929,83.38,
011170,2026-07-28,58100.0,2596467933300.0,7892,458525200.0,6619549773.9,118000.0,56600.0,-0.2095,65.66,
011200,2026-07-28,20250.0,19477864080500.0,111373,2255303250.0,27333998526.25,25250.0,18310.0,-0.0334,39.79,
011210,2026-07-28,54200.0,1522924648000.0,7768,421025600.0,6216879451.15,101300.0,47950.0,-0.3799,62.38,
011780,2026-07-28,117800.0,3056614987500.0,2065,243257000.0,8934372987.5,153400.0,103600.0,-0.1728,50.77,
011790,2026-07-28,74600.0,4042261287000.0,43957,3279192200.0,23208677000.0,174100.0,74600.0,-0.2907,78.6,
012330,2026-07-28,437500.0,42054552220500.0,34253,14985687500.0,183846411255.0,768000.0,283500.0,-0.0299,67.06,
012450,2026-07-28,887000.0,46355497499000.0,12727,11288849000.0,226170737979.85,1537000.0,813000.0,-0.3224,61.01,
012510,2026-07-28,120000.0,3494865960000.0,0,0.0,631674795.0,120300.0,64200.0,0.3043,44.11,
012630,2026-07-28,20900.0,1290421173600.0,7554,157878600.0,1507312358.25,30150.0,15990.0,0.2426,52.11,
0126Z0,2026-07-28,382500.0,9754155208000.0,2922,1117665000.0,22603014962.5,743000.0,335500.0,-0.3948,84.52,
012750,2026-07-28,73100.0,2785339747400.0,5233,382532300.0,4840831821.8,94100.0,68200.0,-0.0782,45.22,
014620,2026-07-28,26800.0,738294719200.0,21824,584883200.0,3347008302.75,48300.0,24050.0,-0.1082,67.19,
014680,2026-07-28,208500.0,2483408724500.0,4211,877993500.0,15244253322.65,338000.0,159500.0,-0.2011,63.13,
015760,2026-07-28,34350.0,23239099587400.0,259933,8928698550.0,62130522960.0,67900.0,33000.0,-0.4748,55.18,
016360,2026-07-28,96600.0,9055020000000.0,55122,5324785200.0,52609064927.5,149500.0,66900.0,0.1667,61.44,
017670,2026-07-28,87800.0,21027946188700.0,328608,28851782400.0,121149640640.0,125200.0,52100.0,0.4116,48.73,
017800,2026-07-28,69600.0,2775559335000.0,5717,397903200.0,7886891582.5,111700.0,66400.0,-0.2484,40.28,
017960,2026-07-28,21450.0,1173056232200.0,36792,789188400.0,7088427462.5,52200.0,21450.0,-0.4091,66.54,
018260,2026-07-28,205000.0,16829671500000.0,31015,6358075000.0,66376343142.0,362000.0,145900.0,0.1402,70.12,
018670,2026-07-28,234000.0,2244881670000.0,1177,275418000.0,3439613437.5,290000.0,203000.0,0.0286,48.66,
018880,2026-07-28,3385.0,3689413874440.0,473653,1603315405.0,18448076268.05,5730.0,2800.0,0.048,76.22,
019210,2026-07-28,19650.0,751313305600.0,50616,994604400.0,22978442546.5,26700.0,4950.0,2.4717,83.13,
020150,2026-07-28,27050.0,1539544612200.0,24067,651012350.0,7171385955.0,78500.0,22350.0,-0.2102,92.37,
020560,2026-07-28,7000.0,1464593955210.0,3824,26768000.0,1032802679.25,9870.0,6670.0,-0.0968,34.64,
021240,2026-07-28,92300.0,6531833419800.0,7720,712556000.0,18115656027.55,113200.0,70900.0,0.1956,38.99,
022100,2026-07-28,18790.0,2970758604660.0,32034,601918860.0,8276910171.5,42850.0,17510.0,-0.5494,75.3,
023160,2026-07-28,22050.0,589773117600.0,4128,91022400.0,3888477040.0,48500.0,19280.0,-0.1788,74.48,
023530,2026-07-28,125600.0,3654907146000.0,4294,539326400.0,23101235392.5,203500.0,64100.0,0.6636,54.94,
023590,2026-07-28,36300.0,1651410952800.0,5282,191736600.0,1892937243.75,61500.0,31400.0,-0.1037,54.32,
024110,2026-07-28,20650.0,17025042303150.0,223219,4609472350.0,22666413129.7,28550.0,18650.0,-0.0048,30.57,
025540,2026-07-28,61400.0,639268000000.0,1006,61768400.0,1281734985.0,91400.0,58700.0,-0.1714,39.89,
026960,2026-07-28,26650.0,2652020000000.0,6543,174370950.0,2263275547.5,31200.0,22950.0,0.025,30.44,
028050,2026-07-28,45300.0,9339400000000.0,266471,12071136300.0,119095239327.5,64400.0,23250.0,0.7626,64.17,
028260,2026-07-28,314500.0,55055893749500.0,36822,11580519000.0,243517401684.6,535000.0,159000.0,0.0625,68.61,
028300,2026-07-28,30250.0,4189084113350.0,100684,3045691000.0,46429749056.25,68200.0,25650.0,-0.4194,79.77,
028670,2026-07-28,5100.0,2801144242880.0,64189,327363900.0,9262691518.8,6200.0,3550.0,0.1422,49.61,
029780,2026-07-28,48800.0,5816116328200.0,5662,276305600.0,4646753662.5,67400.0,45200.0,-0.0896,30.67,
030000,2026-07-28,19150.0,2200738634250.0,12479,238972850.0,5779474564.1,23150.0,17980.0,-0.0837,26.87,
030190,2026-07-28,14440.0,851271565150.0,8895,128443800.0,1118603864.1,18200.0,13060.0,-0.1222,37.41,
030200,2026-07-28,53500.0,13709979664000.0,22480,1202680000.0,22505954042.15,68900.0,48250.0,-0.0308,32.25,
030530,2026-07-28,15960.0,1309956157760.0,52190,832952400.0,11334495847.75,48700.0,5660.0,-0.6275,106.47,
031210,2026-07-28,42450.0,2998837634100.0,1514,64269300.0,1420356728.75,62000.0,40050.0,-0.1274,36.68,
031330,2026-07-28,9340.0,1012950028710.0,150554,1406174360.0,10774353721.0,18860.0,2875.0,1.3005,82.0,
031980,2026-07-28,101400.0,2404207042500.0,15792,1601308800.0,37135756387.5,166500.0,30600.0,0.7128,95.85,
032190,2026-07-28,17780.0,711614000000.0,7995,142151100.0,1444608943.0,30600.0,15180.0,-0.0215,66.27,
032350,2026-07-28,11660.0,952719223100.0,16711,194850260.0,9241436556.0,26550.0,10990.0,-0.4614,60.01,
032500,2026-07-28,15170.0,661565871680.0,21731,329659270.0,3794256766.5,38200.0,11430.0,-0.0098,92.75,
032640,2026-07-28,14670.0,6243331937720.0,37770,554085900.0,13934612803.5,17810.0,13900.0,-0.0493,35.16,
032820,2026-07-28,9500.0,1738360534180.0,279858,2658651000.0,31796708468.25,29300.0,3360.0,0.1905,110.58,
032830,2026-07-28,288000.0,62300000000000.0,29306,8440128000.0,162825799520.15,497000.0,119700.0,0.6438,61.17,
033100,2026-07-28,42550.0,727627127700.0,13167,560255850.0,10895436602.5,91500.0,32150.0,0.0378,76.75,
033780,2026-07-28,183400.0,18955789265600.0,18303,3356770200.0,47035436830.05,189000.0,129100.0,0.2562,31.05,
034020,2026-07-28,68200.0,45415785251400.0,301693,20575462600.0,212384774720.0,136400.0,57400.0,-0.2844,66.37,
034220,2026-07-28,9245.0,4830000000000.0,552469,5107575905.0,46765322704.75,16690.0,9110.0,-0.2586,66.4,
034230,2026-07-28,10110.0,956861516060.0,26964,272606040.0,10465617749.0,23650.0,9670.0,-0.4196,60.09,
034730,2026-07-28,565000.0,45169183969000.0,17377,9818005000.0,183899835358.75,858000.0,178900.0,0.9153,66.83,
035250,2026-07-28,14430.0,3099997845000.0,15169,218888670.0,6178160515.8,20100.0,14110.0,-0.1957,22.58,
035420,2026-07-28,221500.0,35312454450000.0,620298,137396007000.0,212138045265.0,287000.0,183200.0,-0.0922,54.28,
035720,2026-07-28,36250.0,16412448643500.0,298873,10834146250.0,65282092346.25,67700.0,33150.0,-0.3856,48.53,
035760,2026-07-28,30950.0,695154181800.0,3745,115907750.0,2471263050.0,80000.0,28850.0,-0.5072,41.45,
035900,2026-07-28,45950.0,1670027124000.0,22066,1013932700.0,10306688721.25,85000.0,43750.0,-0.3388,44.48,
036460,2026-07-28,34700.0,3240186300000.0,10668,370179600.0,5096439537.5,45750.0,31700.0,-0.1495,30.91,
036530,2026-07-28,48250.0,794814442500.0,655,31603750.0,905056777.5,88200.0,46450.0,-0.1505,49.49,
036540,2026-07-28,4835.0,868350399840.0,353889,1711053315.0,14911595872.6,11010.0,3055.0,-0.079,82.26,
036570,2026-07-28,227500.0,5008985115000.0,4513,1026707500.0,21251019825.0,338000.0,187000.0,-0.0278,55.41,
036830,2026-07-28,30200.0,648950998650.0,1494,45118800.0,1892692647.5,79600.0,29250.0,-0.2115,80.66,
036930,2026-07-28,134800.0,6967520037900.0,207610,27985828000.0,446134217320.0,250500.0,26300.0,3.3205,109.17,
038500,2026-07-28,7040.0,800738990520.0,67106,472426240.0,7620685739.25,20200.0,2950.0,0.3159,108.29,
039030,2026-07-28,283500.0,3806740950000.0,8595,2436682500.0,69350660325.0,612000.0,194500.0,-0.0207,88.77,
039200,2026-07-28,30700.0,1208958361600.0,9744,299140800.0,5931164735.0,62000.0,28000.0,-0.3101,70.84,
039490,2026-07-28,278500.0,7868494800000.0,7545,2101282500.0,35935999437.5,495500.0,195800.0,-0.131,69.31,
041510,2026-07-28,74500.0,1703364936000.0,15953,1188498500.0,8291961265.0,153000.0,66500.0,-0.343,56.94,
041830,2026-07-28,50800.0,680784541000.0,3463,175920400.0,7490477758.75,62000.0,23350.0,0.6766,63.59,
042660,2026-07-28,83900.0,27209509387200.0,240142,20147913800.0,215065207052.5,149900.0,76800.0,-0.4296,71.18,
042700,2026-07-28,188800.0,19491344900000.0,101852,19229657600.0,227433667600.0,409500.0,81500.0,0.097,97.4,
043260,2026-07-28,15900.0,1252949867460.0,147863,2351021700.0,51391450485.0,53200.0,1027.0,0.1866,129.38,
047040,2026-07-28,13930.0,6237577944840.0,449199,6257342070.0,81805095819.5,37150.0,3360.0,1.7749,98.21,
047050,2026-07-28,51200.0,9271130927600.0,30590,1566208000.0,24562285250.0,87300.0,45650.0,-0.1912,55.52,
047810,2026-07-28,147300.0,14250860643400.0,33001,4861047300.0,67868526210.0,202000.0,86600.0,-0.111,62.08,
048410,2026-07-28,5930.0,594474323520.0,102911,610262230.0,5645201799.5,20000.0,4595.0,0.0331,99.52,
051600,2026-07-28,45500.0,2094750000000.0,6535,297342500.0,5046755722.5,67500.0,42550.0,-0.2404,52.74,
051900,2026-07-28,258000.0,3833733888000.0,5101,1316058000.0,12414193450.0,331500.0,215000.0,-0.0444,36.41,
051910,2026-07-28,250000.0,18354009180000.0,17629,4407250000.0,59518429037.5,429500.0,250000.0,-0.2625,61.85,
051915,2026-07-28,116100.0,926500400000.0,1342,155806200.0,2785855837.5,208000.0,113600.0,-0.3179,54.87,
052690,2026-07-28,93800.0,3711162000000.0,8992,843449600.0,12779357232.8,194800.0,83800.0,-0.3518,74.72,
055550,2026-07-28,104600.0,49838707905000.0,114016,11926073600.0,147537689503.05,109200.0,64000.0,0.2772,37.27,
056190,2026-07-28,19970.0,743311332000.0,6302,125850940.0,1999384316.75,35650.0,19770.0,-0.2275,56.04,
058470,2026-07-28,64800.0,5319587130000.0,54731,3546568800.0,77159174262.5,127000.0,44400.0,0.0047,67.77,
058610,2026-07-28,72600.0,1663302000000.0,73510,5336826000.0,23116085180.0,158100.0,23150.0,-0.3177,103.02,
060370,2026-07-28,28100.0,1567165620000.0,13682,384464200.0,4537983921.25,50100.0,21950.0,-0.0458,77.7,
062040,2026-07-28,153000.0,5094477440000.0,19494,2982582000.0,55561195977.5,333500.0,92700.0,0.0401,82.2,
064350,2026-07-28,125000.0,14461353822500.0,78977,9872125000.0,100337759962.85,269000.0,125000.0,-0.4279,68.24,
064400,2026-07-28,64400.0,6491358516000.0,111820,7201208000.0,81201327580.0,143700.0,55400.0,-0.0774,73.81,
064760,2026-07-28,183800.0,2195637302400.0,3959,727664200.0,17928564125.0,348500.0,92000.0,0.098,75.85,
064960,2026-07-28,26600.0,716587344000.0,7511,199792600.0,1508475006.25,39450.0,24800.0,-0.2963,47.08,
065350,2026-07-28,26650.0,773673136200.0,11023,293762950.0,5502466721.25,79700.0,25600.0,-0.5506,63.07,
066570,2026-07-28,162200.0,28065023127400.0,110385,17904447000.0,300375907337.5,392500.0,72200.0,0.5448,85.92,
066575,2026-07-28,58800.0,1066958667900.0,19282,1133781600.0,7518155390.0,124400.0,36050.0,0.1157,76.83,
066970,2026-07-28,74700.0,3315685690000.0,31595,2360146500.0,32086375437.5,213000.0,53300.0,-0.3482,88.39,
067310,2026-07-28,31850.0,2340478588800.0,212243,6759939550.0,73242977783.75,56800.0,10650.0,0.225,86.08,
068270,2026-07-28,183800.0,41557347262200.0,163450,30042110000.0,103374596637.5,236861.0,159400.0,-0.0684,41.15,
068760,2026-07-28,40500.0,1813835262200.0,6216,251748000.0,3284377833.75,75700.0,38000.0,-0.3404,42.52,
069260,2026-07-28,15050.0,620128179960.0,6562,98758100.0,1169856207.5,21200.0,14950.0,-0.1803,36.31,
069620,2026-07-28,127900.0,1486557572500.0,957,122400300.0,6220616147.5,194000.0,107300.0,-0.2244,45.12,
069960,2026-07-28,132900.0,2956549435200.0,5341,709818900.0,27350437888.2,207000.0,69000.0,0.4229,59.36,
071050,2026-07-28,201000.0,11841773300000.0,17464,3510264000.0,55040883020.0,292500.0,125300.0,0.0984,64.97,
071055,2026-07-28,142300.0,863506197400.0,6077,864757100.0,2958485562.5,193200.0,86900.0,0.0327,51.92,
071970,2026-07-28,62200.0,2225250072000.0,13902,864704400.0,16318697765.0,115500.0,49400.0,-0.3383,72.2,
073240,2026-07-28,6090.0,1769523367920.0,574622,3499447980.0,55137305917.1,7800.0,4305.0,-0.0033,65.44,
074600,2026-07-28,24600.0,703204000000.0,37683,927001800.0,9883568742.5,42150.0,16930.0,0.0696,70.16,
075580,2026-07-28,11100.0,669118097120.0,38898,431767800.0,3527353038.25,26100.0,10750.0,-0.4464,71.82,
077970,2026-07-28,23000.0,985634946650.0,16043,368989000.0,5148412845.0,66500.0,20050.0,-0.3809,84.41,
078600,2026-07-28,70500.0,1188803246600.0,11010,776205000.0,11231395222.5,182800.0,59100.0,0.1155,88.41,
078930,2026-07-28,89600.0,8509227342000.0,24140,2162944000.0,39640518480.0,95300.0,43650.0,0.4737,49.3,
079160,2026-07-28,4930.0,827912550000.0,81473,401661890.0,1936306609.45,6570.0,4220.0,-0.1824,38.44,
079550,2026-07-28,678000.0,15312000000000.0,6344,4301232000.0,116051492498.45,1020000.0,364500.0,0.2327,86.18,
080220,2026-07-28,65600.0,2548769642000.0,322832,21177779200.0,161479146310.0,134000.0,13700.0,1.2013,101.04,
081660,2026-07-28,44700.0,2351968512000.0,6309,282012300.0,7566402944.1,54200.0,35850.0,-0.0122,41.74,
082740,2026-07-28,45150.0,3963739245000.0,51207,2311996050.0,39337521576.25,89500.0,27000.0,-0.1746,75.62,
082920,2026-07-28,29600.0,1387387996200.0,17443,516312800.0,11448437390.0,64100.0,12843.0,0.48,71.11,
083450,2026-07-28,40900.0,810920000000.0,21592,883112800.0,8076707957.5,66500.0,18240.0,0.5176,77.73,
083650,2026-07-28,41750.0,1373930250000.0,14254,595104500.0,10465914311.25,109500.0,35450.0,-0.3477,87.4,
084370,2026-07-28,103200.0,2573471516600.0,11806,1218379200.0,44366730072.5,206500.0,41650.0,0.2997,94.94,
085620,2026-07-28,15760.0,2216952000000.0,10201,160767760.0,4741542392.25,34550.0,6730.0,0.7492,98.0,
085660,2026-07-28,8810.0,833036700160.0,27769,244644890.0,2754810020.75,23850.0,8550.0,-0.4476,58.03,
086280,2026-07-28,196000.0,15337500000000.0,12099,2371404000.0,39844389090.0,290500.0,140300.0,-0.2447,56.53,
086450,2026-07-28,18140.0,840381203600.0,12960,235094400.0,5546344096.25,29900.0,16420.0,0.0888,55.21,
086520,2026-07-28,76500.0,10943557851200.0,63043,4822789500.0,117338695685.0,185000.0,46100.0,-0.2218,92.46,
086790,2026-07-28,128300.0,35832427888800.0,113210,14524843000.0,126357457495.3,136800.0,81200.0,0.2792,39.13,
087010,2026-07-28,122900.0,3005606415000.0,24525,3014122500.0,44994910457.5,386000.0,103600.0,-0.5004,96.47,
088350,2026-07-28,4425.0,3956154150000.0,264876,1172076300.0,11655275249.8,6600.0,2940.0,0.3871,65.26,
088980,2026-07-28,10050.0,4851479789090.0,69835,701841750.0,15516498706.75,11830.0,9940.0,-0.12,11.61,
089030,2026-07-28,40500.0,1650739884750.0,103664,4198392000.0,75590456496.25,71100.0,26650.0,-0.1337,87.43,
089860,2026-07-28,39100.0,1452375520000.0,4554,178061400.0,3179234103.75,40000.0,27300.0,0.2904,31.77,
089970,2026-07-28,66100.0,1971874698500.0,118171,7811103100.0,76432812007.5,119700.0,10500.0,1.4943,98.1,
090360,2026-07-28,60000.0,621075000000.0,19047,1142820000.0,10246800642.5,158800.0,25250.0,-0.3228,107.37,
090430,2026-07-28,122200.0,7223855736500.0,8626,1054097200.0,43781817127.5,165100.0,96200.0,0.0074,47.11,
090710,2026-07-28,6280.0,802241084590.0,236549,1485527720.0,16880437832.0,21500.0,2385.0,-0.6228,109.55,
093320,2026-07-28,142100.0,698816000000.0,1123,159578300.0,2037332677.5,148400.0,80200.0,0.1525,52.54,
093370,2026-07-28,9080.0,1069335640100.0,385547,3500766760.0,62862990826.0,22400.0,4605.0,0.1947,101.0,
094170,2026-07-28,28000.0,612661124800.0,7567,211876000.0,2942906013.75,55100.0,16280.0,0.0127,68.15,
095340,2026-07-28,127700.0,2903996946000.0,9305,1188248500.0,49818146082.5,271000.0,55500.0,0.286,85.61,
095610,2026-07-28,124900.0,2751056000000.0,73226,9145927400.0,114082480377.5,217500.0,23900.0,1.5673,99.4,
096530,2026-07-28,27450.0,1472773030800.0,17933,492260850.0,6685138156.25,32550.0,21850.0,0.139,48.0,
096770,2026-07-28,116900.0,19728460359600.0,73171,8553689900.0,88379134385.0,149800.0,89500.0,0.0725,57.94,
097230,2026-07-28,15500.0,1459172759040.0,38533,597261500.0,11532265415.75,33350.0,7360.0,-0.3861,88.33,
097950,2026-07-28,193000.0,2929544595600.0,2325,448725000.0,10086554187.5,254500.0,177500.0,-0.0939,30.69,
098460,2026-07-28,25450.0,1885846489450.0,171333,4360424850.0,30945181280.0,43500.0,13640.0,-0.1488,91.47,
099320,2026-07-28,71500.0,823536105600.0,4267,305090500.0,4562156545.0,214000.0,45500.0,-0.4696,93.95,
100090,2026-07-28,13410.0,926550653070.0,433902,5818625820.0,45489502904.0,30300.0,12920.0,-0.3282,91.5,
100790,2026-07-28,12410.0,717127803000.0,43876,544501160.0,6425670822.5,67400.0,5920.0,-0.069,125.33,
101490,2026-07-28,41750.0,873663295050.0,80923,3378535250.0,9085332820.0,105100.0,38500.0,-0.375,81.63,
102710,2026-07-28,40800.0,622949649600.0,3587,146349600.0,4085960746.25,62700.0,35800.0,-0.114,69.08,
103140,2026-07-28,62000.0,1793553792000.0,8724,540888000.0,6827139150.0,165000.0,59800.0,-0.5028,57.12,
103590,2026-07-28,58000.0,2980336875000.0,18599,1078742000.0,22135001200.0,144100.0,33900.0,-0.075,74.02,
105560,2026-07-28,172300.0,61219102888400.0,117680,20276264000.0,274861517747.7,186200.0,106000.0,0.2945,40.63,
108320,2026-07-28,36100.0,618043400000.0,15731,567889100.0,3435446915.0,66200.0,36100.0,-0.3058,49.97,
108490,2026-07-28,190500.0,2946866628000.0,16522,3147441000.0,38605232857.5,405000.0,73913.0,-0.2715,105.39,
111770,2026-07-28,85800.0,3846235422400.0,2638,226340400.0,6681766902.5,98000.0,55600.0,0.0337,49.93,
112610,2026-07-28,38700.0,1688964690150.0,53656,2076487200.0,23028300493.75,76900.0,38500.0,-0.0515,70.76,
115180,2026-07-28,17320.0,674097845970.0,2602,45066640.0,2165754458.0,50900.0,9950.0,-0.3986,92.42,
119850,2026-07-28,33700.0,615189196600.0,157732,5315568400.0,27225733898.75,45550.0,18350.0,-0.0573,88.25,
120110,2026-07-28,52300.0,1626069537600.0,6185,323475500.0,10261304793.75,100900.0,34000.0,0.1968,66.23,
122870,2026-07-28,40250.0,776613085950.0,8589,345707250.0,4338677790.0,107400.0,37800.0,-0.425,52.35,
127120,2026-07-28,32250.0,1157266841400.0,4930,158992500.0,4489982638.75,48900.0,12890.0,0.5965,88.24,
128940,2026-07-28,383500.0,5002691985500.0,4759,1825076500.0,41777216462.5,626000.0,270000.0,-0.1382,67.95,
131290,2026-07-28,183700.0,2311838661000.0,20989,3855679300.0,35389922265.0,284500.0,36400.0,1.7624,86.33,
131970,2026-07-28,72400.0,1565506278000.0,23189,1678883600.0,24796540467.5,190100.0,27200.0,0.3738,90.75,
137400,2026-07-28,28900.0,714275449200.0,7514,217154600.0,3876172245.0,60900.0,27750.0,-0.2766,63.0,
138040,2026-07-28,121900.0,21018817488800.0,23789,2899879100.0,32214381580.0,146200.0,100600.0,0.1403,37.78,
138930,2026-07-28,17930.0,5623125837960.0,30853,553194290.0,16880210293.25,22650.0,13810.0,0.1681,34.91,
139130,2026-07-28,17710.0,2864794050720.0,32053,567658630.0,9701684207.0,21650.0,13220.0,0.2489,37.87,
139480,2026-07-28,81700.0,2282174231300.0,5200,424840000.0,9887753765.0,127600.0,71200.0,-0.0274,47.74,
140410,2026-07-28,58300.0,1854723236400.0,19628,1144312400.0,7550355050.0,172700.0,36450.0,-0.3946,85.46,
140860,2026-07-28,253500.0,1817140705500.0,1905,482917500.0,10675815275.0,339500.0,208000.0,0.0833,71.84,
141080,2026-07-28,93200.0,3613095196800.0,16856,1570979200.0,57450768085.0,213500.0,93200.0,-0.4409,77.06,
145020,2026-07-28,241500.0,2989880019000.0,2843,686584500.0,12807188412.5,360000.0,214000.0,0.0168,56.08,
161390,2026-07-28,68800.0,8646479816200.0,13335,917448000.0,28149278861.75,76700.0,38100.0,0.0504,51.64,
161580,2026-07-28,24800.0,624735882550.0,11356,281628800.0,3894134777.5,63000.0,24800.0,-0.4233,84.4,
161890,2026-07-28,100100.0,2419520392500.0,24789,2481378900.0,48353209345.0,117800.0,61100.0,0.5424,47.86,
166090,2026-07-28,53600.0,1109527511400.0,14487,776503200.0,9890581882.5,81100.0,23600.0,0.0308,80.74,
175330,2026-07-28,28900.0,5362502440000.0,33022,954335800.0,14787284216.25,37500.0,21750.0,0.2246,44.47,
178320,2026-07-28,36550.0,2533299332600.0,78885,2883246750.0,53347122976.25,80800.0,18650.0,0.2802,82.05,
180640,2026-07-28,108500.0,7390584285300.0,6509,706226500.0,15406022240.0,173000.0,93900.0,-0.1679,68.37,
181710,2026-07-28,38800.0,1313400873900.0,25403,985636400.0,5125255752.5,59600.0,24800.0,0.2721,65.56,
183300,2026-07-28,58800.0,1304627185000.0,10052,591057600.0,14490469875.0,139200.0,30304.0,0.214,91.39,
185750,2026-07-28,68200.0,946870708000.0,1095,74679000.0,1576385920.0,97700.0,64100.0,-0.2005,34.08,
189300,2026-07-28,58400.0,660356065500.0,3052,178236800.0,5206316680.0,172400.0,39400.0,-0.2108,85.08,
192080,2026-07-28,60600.0,1295816241600.0,1372,83143200.0,3955411712.5,74600.0,47300.0,0.2024,34.06,
192400,2026-07-28,25900.0,921060591500.0,1973,51100700.0,353697210.0,34750.0,23600.0,-0.0478,29.83,
192820,2026-07-28,190800.0,2184780482500.0,8833,1685336400.0,15399130330.0,266000.0,144900.0,0.0353,54.78,
195870,2026-07-28,49200.0,899300000000.0,11955,588186000.0,12547005305.0,102400.0,22000.0,-0.0447,89.43,
195940,2026-07-28,38800.0,1109115232650.0,5565,215922000.0,5266777117.5,57600.0,37300.0,-0.1762,44.75,
196170,2026-07-28,309000.0,16718939016000.0,32749,10119441000.0,148906615400.0,559000.0,268000.0,-0.3576,67.51,
204270,2026-07-28,13050.0,808143070020.0,50076,653491800.0,6110048498.25,29450.0,13050.0,-0.3366,87.58,
204320,2026-07-28,42650.0,2108374688000.0,59217,2525605050.0,35641036133.75,76900.0,32850.0,-0.3294,70.2,
207940,2026-07-28,1556000.0,71519519295000.0,12288,19120128000.0,85505235177.0,1965000.0,1243000.0,-0.1896,38.65,
213420,2026-07-28,29050.0,752384723700.0,8304,241231200.0,4566592505.0,55800.0,28300.0,-0.1712,71.02,
214150,2026-07-28,44800.0,2961698918600.0,10634,476403200.0,11245730675.0,75600.0,42000.0,-0.2381,55.97,
214320,2026-07-28,19200.0,770800000000.0,5495,105504000.0,1560848422.0,21750.0,16760.0,0.0345,23.1,
214370,2026-07-28,57400.0,3206785500000.0,3687,211633800.0,5482753297.5,150100.0,45950.0,-0.2526,91.7,
214450,2026-07-28,364500.0,3844169760000.0,8112,2956824000.0,66897595462.5,711000.0,259000.0,-0.1413,68.47,
218410,2026-07-28,42450.0,1206853938900.0,20496,870055200.0,14332658382.5,112500.0,24000.0,0.2198,91.69,
222800,2026-07-28,81200.0,3457920831300.0,57850,4697420000.0,89352883487.5,157300.0,21650.0,0.6487,100.36,
226950,2026-07-28,114500.0,2394846045000.0,26770,3065165000.0,46171432030.0,207000.0,36800.0,-0.1745,100.19,
229640,2026-07-28,41650.0,1370463335250.0,13318,554694700.0,5996625487.5,93400.0,32450.0,0.0818,80.93,
232140,2026-07-28,8720.0,780251278500.0,81223,708264560.0,7271102042.5,23700.0,8720.0,-0.3965,76.17,
237690,2026-07-28,98500.0,2085576136200.0,17657,1739214500.0,16789281475.0,168700.0,82700.0,-0.2044,62.67,
240810,2026-07-28,93300.0,5202893506000.0,172455,16090051500.0,294039602940.0,183300.0,27300.0,0.2473,110.57,
241560,2026-07-28,62500.0,6153959373000.0,9123,570187500.0,12809926602.5,76700.0,52300.0,0.0263,50.16,
241710,2026-07-28,88400.0,923820000000.0,12160,1074944000.0,8435471480.0,103000.0,58400.0,0.2329,63.15,
247540,2026-07-28,104700.0,10810262957000.0,30164,3158170800.0,68717556202.5,246000.0,102700.0,-0.346,77.34,
248070,2026-07-28,14030.0,691900934920.0,2998,42061940.0,1895578167.0,23600.0,13680.0,-0.0836,47.15,
251270,2026-07-28,37150.0,3060256226850.0,7302,271269300.0,6086415691.25,68000.0,34900.0,-0.2716,44.9,
252990,2026-07-28,11940.0,768380263640.0,105898,1264422120.0,10824256327.75,16320.0,4325.0,0.6936,81.73,
253450,2026-07-28,21200.0,650766481700.0,4813,102035600.0,1413269224.5,50300.0,19700.0,-0.5376,42.22,
257720,2026-07-28,37550.0,2518128076800.0,55091,2068667050.0,21231548768.75,54200.0,30400.0,-0.1407,60.38,
259960,2026-07-28,247250.0,11442182584000.0,6095,1506988750.0,25337881137.5,354000.0,204000.0,0.0345,43.37,
263750,2026-07-28,34950.0,2215247827500.0,32861,1148491950.0,9061982937.5,72000.0,29500.0,-0.1599,72.08,
267250,2026-07-28,203000.0,16628044392500.0,7557,1534071000.0,34276877205.0,310500.0,127900.0,-0.2177,58.37,
267260,2026-07-28,735000.0,28729566595000.0,17066,12543510000.0,138664970600.0,1420000.0,446500.0,-0.1967,63.66,
267270,2026-07-28,129300.0,6450287336200.0,23704,3064927200.0,35143174072.4,198100.0,73200.0,0.1166,69.78,
271560,2026-07-28,130000.0,5138742440000.0,4013,521690000.0,14555402795.0,146000.0,99300.0,0.1285,31.06,
272210,2026-07-28,60400.0,11901921507000.0,53038,3203495200.0,51209138357.5,162700.0,45350.0,-0.3326,90.85,
277810,2026-07-28,414000.0,8652336668000.0,17327,7173378000.0,62252682012.5,880000.0,253500.0,-0.2084,88.34,
278470,2026-07-28,337500.0,13271825947500.0,19935,6728062500.0,96871809214.65,459000.0,167500.0,0.3664,62.29,
279570,2026-07-28,5930.0,2434170906000.0,108189,641560770.0,12081872420.25,8330.0,5290.0,0.0,55.85,
280360,2026-07-28,103300.0,952673409000.0,321,33159300.0,1858133172.5,135600.0,91900.0,-0.0635,31.62,
281740,2026-07-28,11180.0,774305855440.0,28323,316651140.0,3879507237.75,27550.0,11150.0,-0.2999,76.32,
281820,2026-07-28,67900.0,1514597566500.0,27546,1870373400.0,31540597630.0,117500.0,26600.0,0.7568,87.88,
282330,2026-07-28,126300.0,2169130203000.0,4765,601819500.0,7761440956.9,147800.0,102000.0,0.0722,39.76,
285130,2026-07-28,39400.0,692815578300.0,3526,138924400.0,2226055052.5,79800.0,37200.0,-0.4146,49.25,
290650,2026-07-28,56300.0,1566939802400.0,13457,757629100.0,20356752157.5,118300.0,29200.0,0.0426,91.98,
293490,2026-07-28,7700.0,848310046150.0,31147,239831900.0,3382245506.5,17760.0,6930.0,-0.4627,46.77,
293940,2026-07-28,5350.0,644610855590.0,46266,247523100.0,993966658.0,6240.0,5080.0,-0.0514,18.67,
294870,2026-07-28,20500.0,1380758563500.0,8561,175500500.0,4277300187.25,24400.0,17210.0,0.0074,47.02,
298020,2026-07-28,308000.0,1404332809000.0,2099,646492000.0,6294277400.0,535000.0,200000.0,0.0548,66.44,
298040,2026-07-28,2411000.0,24476938500000.0,3892,9383612000.0,151356043050.0,4601000.0,1040000.0,0.0286,70.39,
298050,2026-07-28,154700.0,722167617600.0,1531,236845700.0,2108781642.5,277500.0,143000.0,-0.2527,50.64,
298380,2026-07-28,69800.0,4064689813800.0,21733,1516963400.0,33732599232.5,245500.0,69300.0,-0.6527,92.46,
300720,2026-07-28,14000.0,1042871063620.0,3437,48118000.0,1665607660.5,21300.0,13060.0,-0.175,36.41,
302440,2026-07-28,34350.0,2734210872050.0,5188,178207800.0,3401428766.25,60100.0,32750.0,-0.313,44.25,
307950,2026-07-28,365500.0,10805048908000.0,6763,2471876500.0,38664127325.0,938000.0,148600.0,-0.2165,98.95,
310210,2026-07-28,119700.0,2319197479100.0,4632,554450400.0,12920984780.0,363500.0,108500.0,-0.3798,82.88,
316140,2026-07-28,33250.0,24099768474200.0,387752,12892754000.0,69935903773.75,40800.0,23600.0,0.1708,36.02,
319400,2026-07-28,20600.0,2433566452150.0,621736,12807761600.0,31195073770.5,46350.0,4405.0,-0.4711,111.04,
319660,2026-07-28,131700.0,4229140244000.0,54671,7200170700.0,120961213245.0,211500.0,19410.0,2.2884,96.13,
322000,2026-07-28,122700.0,1509760000000.0,68570,8413539000.0,67952636362.5,244000.0,42000.0,1.1833,114.4,
323280,2026-07-28,30250.0,1010807138000.0,25564,773311000.0,9243558895.0,89700.0,23600.0,-0.3233,95.16,
323410,2026-07-28,21900.0,10568217679550.0,40478,886468200.0,21204110104.5,29750.0,19750.0,0.0115,40.59,
326030,2026-07-28,80400.0,6413855175000.0,7307,587482800.0,10164810605.0,140700.0,74600.0,-0.3255,48.59,
328130,2026-07-28,9360.0,715543109800.0,40178,376066080.0,3187275031.5,22991.0,9200.0,-0.4886,69.43,
329180,2026-07-28,470500.0,51063635962500.0,32672,15372176000.0,156963427401.4,745000.0,400500.0,-0.266,58.36,
336260,2026-07-28,26950.0,1964811780000.0,245211,6608436450.0,23753191892.5,101500.0,22000.0,-0.2908,100.24,
347700,2026-07-28,15710.0,874311099520.0,145132,2280023720.0,34099706543.25,53100.0,7320.0,-0.2042,120.66,
347850,2026-07-28,55700.0,2704418931000.0,113992,6349354400.0,114163869047.5,111200.0,30030.0,-0.379,107.26,
352820,2026-07-28,225000.0,9699038100000.0,41158,9260550000.0,59481406671.75,404500.0,177800.0,-0.3919,49.81,
353200,2026-07-28,97400.0,5406211595000.0,123457,12024711800.0,146732003152.5,190900.0,19530.0,0.9697,92.03,
357780,2026-07-28,256000.0,2158552065000.0,3321,850176000.0,27121563662.5,501000.0,201000.0,-0.1729,83.67,
361610,2026-07-28,13680.0,1164648304000.0,8693,118920240.0,2689339308.75,34300.0,13260.0,-0.4539,67.32,
365550,2026-07-28,3345.0,825628595000.0,27753,92833785.0,1164760122.1,4690.0,3155.0,-0.2441,26.43,
373220,2026-07-28,322500.0,77922000000000.0,19778,6378405000.0,127685216225.0,514000.0,311000.0,-0.1998,61.33,
375500,2026-07-28,59500.0,2472522509700.0,36388,2165086000.0,22814985160.0,102500.0,38700.0,0.3538,72.74,
376900,2026-07-28,40850.0,677810790300.0,28263,1154543550.0,15642226000.0,147900.0,14200.0,-0.4088,122.45,
377300,2026-07-28,43275.0,6053338093750.0,32667,1413664425.0,9157782583.85,70900.0,37450.0,-0.1956,69.15,
383220,2026-07-28,77500.0,2980290435000.0,1932,149730000.0,4977679312.5,86100.0,59500.0,0.1905,44.48,
388210,2026-07-28,75900.0,800352910200.0,5796,439916400.0,5979074272.5,164400.0,68900.0,-0.3411,97.15,
388720,2026-07-28,59800.0,746937273000.0,4582,274003600.0,2522161225.0,150700.0,57500.0,-0.3797,78.78,
395400,2026-07-28,5710.0,1703759729200.0,16065,91731150.0,1304581904.25,7090.0,4705.0,0.0035,35.34,
402340,2026-07-28,990000.0,144626391056000.0,131010,129699900000.0,1487129589990.8,1970000.0,135200.0,1.3185,87.95,
403870,2026-07-28,34050.0,3086250000000.0,420556,14319931800.0,181736053712.5,83500.0,24500.0,0.0074,90.22,
415640,2026-07-28,10890.0,1317364641000.0,3469,37777410.0,1378916615.25,11150.0,8140.0,0.0956,19.03,
417200,2026-07-28,10990.0,789506530530.0,60071,660180290.0,8123192318.75,31250.0,9360.0,-0.1799,81.72,
420770,2026-07-28,105700.0,1465317624800.0,10283,1086913100.0,23818314592.5,192200.0,23700.0,1.0524,85.29,
437730,2026-07-28,33350.0,1059032737800.0,57184,1907086400.0,6287315420.0,73200.0,11170.0,-0.5249,103.31,
439260,2026-07-28,48250.0,1912054246000.0,4829,232999250.0,3337781985.0,108700.0,43450.0,-0.3146,63.31,
440110,2026-07-28,58500.0,3251582612300.0,294876,17250246000.0,49252425875.0,128300.0,11230.0,1.7529,99.51,
443060,2026-07-28,194700.0,9235692760000.0,3923,763808100.0,26865503459.1,280500.0,159100.0,0.0194,60.68,
445680,2026-07-28,38150.0,687270037250.0,5851,223215650.0,3937894397.5,139600.0,34600.0,-0.6759,99.82,
450080,2026-07-28,33200.0,2471404063000.0,37604,1248452800.0,15745297868.45,86400.0,33200.0,-0.4602,77.72,
453340,2026-07-28,18670.0,603646802330.0,1711,31944370.0,846754042.0,19300.0,14830.0,0.2397,29.02,
454910,2026-07-28,62100.0,4291082676000.0,66077,4103381700.0,44934255792.5,166700.0,58500.0,-0.4742,81.23,
456040,2026-07-28,69300.0,646370139000.0,8229,570269700.0,5615079692.5,150000.0,52600.0,-0.017,65.53,
457190,2026-07-28,54200.0,1734563252800.0,8237,446445400.0,8096731925.0,130100.0,40950.0,-0.3509,82.03,
458870,2026-07-28,26300.0,1040933889000.0,15246,400969800.0,9265361853.75,63034.0,10472.0,-0.4235,87.04,
462870,2026-07-28,30050.0,1794564739500.0,3347,100577350.0,3133069247.5,44550.0,28200.0,-0.1277,40.12,
466100,2026-07-28,25300.0,644118746700.0,125872,3184561600.0,5559010987.5,71702.0,15155.0,-0.6371,90.73,
475150,2026-07-28,52300.0,1945225928400.0,1623735,84921340500.0,466068849643.75,80900.0,17560.0,1.615,111.41,
475830,2026-07-28,45500.0,1030594545500.0,6329,287969500.0,5589182227.5,143700.0,20750.0,-0.5879,98.15,
476060,2026-07-28,10650.0,503572945600.0,62171,662121150.0,6749208508.0,26300.0,5737.0,-0.4468,102.58,
476830,2026-07-28,25450.0,751885684800.0,24821,631694450.0,10707880772.5,118000.0,25450.0,-0.6844,124.52,
483650,2026-07-28,253500.0,3242170942500.0,15669,3972091500.0,34519960582.5,260000.0,121200.0,0.7727,65.71,
489790,2026-07-28,39100.0,2107890282500.0,29229,1142853900.0,12919475550.0,92700.0,35950.0,-0.2595,83.59,
490470,2026-07-28,15930.0,602590542400.0,57558,916898940.0,6892451553.25,48800.0,15930.0,-0.3602,117.04,
491000,2026-07-28,35950.0,941415321150.0,16858,606045100.0,5755112955.0,91300.0,33050.0,-0.4008,112.23,
499790,2026-07-28,37150.0,752580415950.0,4464,165837600.0,5555404906.25,64600.0,33700.0,-0.095,71.01,
950160,2026-07-28,15420.0,1351875245600.0,1176770,18145793400.0,64032027382.75,138800.0,15000.0,-0.7922,102.54,
